timestamp,fruit_id,scan_no,nm410,nm435,nm460,nm485,nm510,nm535,nm560,nm585,nm610,nm645,nm680,nm705,nm730,nm760,nm810,nm860,nm900,nm940,label,diameter_cm,rotasi_buah,jarak_cm
2026-08-28T17:17:38.226,BOSOK_001,1,13.270913,27.977537,67.877808,0.0,20.981565,18.801203,12.874997,15.067293,18.493925,10.517442,17.224232,13.763176,36.777821,40.583858,47.838131,48.666527,21.402477,20.706106,anomali,7.0,a,3
2026-08-28T17:18:12.040,BOSOK_001,2,14.929777,26.112368,59.393078,37.472702,18.087557,17.408522,11.844997,13.058321,17.338055,13.462325,25.329754,13.763176,39.907848,43.965843,50.230038,52.142708,20.790979,21.606373,anomali,7.0,b,3
2026-08-28T17:18:47.392,BOSOK_001,3,16.588642,34.50563,77.305275,0.0,25.32258,20.890226,15.449996,18.080751,19.649796,12.200233,27.356134,17.099705,46.167904,51.575317,61.392269,62.571247,26.905972,25.207434,anomali,7.0,c,3
2026-08-28T17:19:56.925,BOSOK_001,4,11.612049,21.449446,51.851101,0.0,18.81106,16.712181,13.389997,16.071779,18.493925,12.62093,21.276993,17.099705,44.60289,47.347832,50.230038,56.777615,23.848475,23.406904,anomali,7.5,d,3
2026-08-28T17:20:23.663,BOSOK_001,5,12.441481,16.786522,61.278576,40.214607,17.364056,14.623158,13.904997,17.578508,19.649796,13.883022,25.329754,15.43144,38.342834,43.120346,55.013851,56.777615,24.459974,22.506638,anomali,7.0,e,3
2026-08-28T17:20:53.790,BOSOK_001,6,9.953185,15.853938,54.679344,0.0,16.640553,13.230476,14.934997,18.582994,18.493925,14.30372,17.224232,15.014374,35.212807,38.892864,50.230038,52.142708,22.625477,20.706106,anomali,7.5,f,3
2026-08-28T17:21:14.761,BOSOK_001,7,12.441481,25.179783,66.935059,0.0,21.705069,19.497543,14.934997,19.587481,20.805666,13.462325,27.356134,16.682638,43.037876,46.502335,57.405758,59.095066,24.459974,23.406904,anomali,8.0,g,3
2026-08-28T17:21:53.009,BOSOK_001,8,36.49501,69.94384,100.873962,0.0,31.110598,26.460953,12.359997,14.56505,20.805666,12.200233,27.356134,15.014374,47.732918,50.72982,55.013851,55.618889,25.071474,27.908232,anomali,7.5,h,3
2026-08-28T17:25:36.579,BOSOK_002,9,16.588642,43.831474,86.73275,55.752068,28.940092,26.460953,19.054995,22.098696,26.585018,16.827906,34.448463,20.019165,50.080437,50.72982,59.000362,55.618889,26.294474,25.207434,anomali,8.0,a,3
2026-08-28T17:25:53.852,BOSOK_002,10,44.789333,87.662949,118.786156,0.0,38.345619,32.031681,14.419996,17.578508,25.429148,15.565813,35.461655,18.350903,56.340492,56.6483,61.392269,60.253796,25.682974,27.007965,anomali,8.0,b,3
2026-08-28T17:26:53.412,BOSOK_002,11,24.882961,59.685413,91.446487,0.0,31.834101,29.246317,15.964996,18.080751,28.896757,14.724418,28.369324,17.933836,55.557983,54.957306,59.797665,56.777615,25.071474,26.1077,anomali,8.0,c,3
2026-08-28T17:27:15.689,BOSOK_002,12,155.933228,185.584335,190.434952,0.0,61.497692,43.869473,17.509996,22.098696,39.299591,19.772791,41.540794,22.938627,88.423271,76.940231,72.554497,62.571247,34.243965,56.716728,anomali,8.0,d,3
2026-08-28T17:27:28.848,BOSOK_002,13,34.006714,69.011261,95.217476,42.956512,30.387096,25.068272,15.964996,20.591967,25.429148,14.30372,31.408895,16.682638,50.862942,51.575317,53.419247,49.825253,25.071474,28.808496,anomali,8.0,e,3
2026-08-28T17:27:42.221,BOSOK_002,14,16.588642,33.573044,71.648796,0.0,25.32258,22.979248,17.509996,22.098696,27.740889,13.883022,24.316565,17.516769,46.167904,49.038826,58.20306,55.618889,23.848475,24.307169,anomali,8.0,f,3
2026-08-28T17:27:53.942,BOSOK_002,15,14.929777,39.168552,80.133522,0.0,26.769585,24.371929,15.449996,18.080751,24.273277,13.041628,25.329754,17.099705,43.037876,44.81134,52.621944,50.983978,22.625477,21.606373,anomali,8.0,g,3
2026-08-28T17:28:22.006,BOSOK_002,16,10.782617,24.2472,85.790001,58.493973,24.599077,20.890226,20.084995,26.116642,25.429148,16.827906,34.448463,21.270363,43.037876,44.81134,55.013851,53.301434,26.905972,24.307169,anomali,8.0,h,3
2026-08-28T17:30:16.308,BOSOK_003,17,25.712395,58.752831,78.248024,0.0,25.32258,20.890226,13.389997,17.076265,24.273277,12.200233,30.395704,16.682638,40.690353,43.120346,53.419247,48.666527,23.848475,25.207434,anomali,7.0,a,3
2026-08-28T17:30:44.208,BOSOK_003,18,36.49501,54.089905,72.591545,0.0,25.32258,21.586567,14.934997,27.623371,24.273277,148.506271,31.408895,17.933836,53.99297,60.875786,64.581474,61.412521,31.186468,79.223366,anomali,6.5,b,3
2026-08-28T17:31:11.755,BOSOK_003,19,26.541826,48.4944,70.706047,0.0,25.32258,20.890226,14.419996,24.10767,20.805666,84.560226,26.342943,16.265572,47.732918,49.884323,60.594967,57.93634,30.574968,57.616993,anomali,7.0,c,3
2026-08-28T17:31:42.002,BOSOK_003,20,26.541826,56.887661,81.076271,0.0,28.940092,22.979248,18.024996,25.614399,26.585018,16.407209,31.408895,17.933836,52.427956,55.802803,62.189571,61.412521,28.740471,30.609028,anomali,7.5,d,3
2026-08-28T17:31:59.716,BOSOK_003,21,16.588642,36.3708,66.935059,0.0,25.32258,20.193886,20.599995,32.143559,26.585018,21.034883,29.382515,21.270363,46.167904,48.193329,64.581474,62.571247,33.632465,32.409557,anomali,7.5,e,3
2026-08-28T17:32:43.077,BOSOK_003,22,61.377972,42.898891,65.049561,0.0,26.046082,16.015841,13.389997,42.690662,18.493925,81.194649,28.369324,12.929045,29.73526,31.28339,40.662411,40.555439,26.905972,90.926819,anomali,7.0,f,3
2026-08-28T17:33:46.369,BOSOK_003,23,52.254219,39.168552,65.049561,0.0,23.875576,15.319499,13.389997,38.170475,18.493925,66.47023,28.369324,12.511978,28.952753,31.28339,39.865108,39.396713,25.071474,73.82177,anomali,7.0,g,3
2026-08-28T17:34:04.936,BOSOK_003,24,12.441481,30.775291,51.851101,0.0,16.640553,14.623158,12.359997,17.076265,16.182184,12.200233,24.316565,12.094913,30.517767,32.128887,39.865108,38.237984,18.95648,19.805841,anomali,7.0,h,3
2026-08-28T17:35:51.065,BOSOK_004,25,11.612049,26.112368,72.591545,0.0,21.705069,18.801203,12.874997,14.062807,23.117407,12.200233,27.356134,13.34611,33.647793,34.665379,41.459713,41.714165,17.121983,16.204779,anomali,9.5,a,3
2026-08-28T17:36:13.634,BOSOK_004,26,8.294321,19.584276,73.534286,0.0,18.81106,13.926817,10.814998,12.556078,18.493925,13.041628,17.224232,11.26078,24.257711,26.210407,34.283993,33.603077,14.064486,13.503983,anomali,9.0,b,3
2026-08-28T17:36:50.226,BOSOK_004,27,7.464889,21.449446,76.362534,0.0,21.705069,17.408522,12.359997,13.560564,19.649796,12.200233,24.316565,11.677847,25.822725,25.36491,31.892088,32.444351,13.452986,11.703452,anomali,9.0,c,3
2026-08-28T17:37:08.818,BOSOK_004,28,6.635457,18.651691,79.190773,56.666035,21.705069,18.104862,12.359997,12.556078,20.805666,13.041628,23.303373,10.843715,23.475204,24.519413,30.297483,30.126898,12.229987,10.803186,anomali,9.0,d,3
2026-08-28T17:37:36.455,BOSOK_004,29,6.635457,17.719107,64.106819,49.35429,20.258064,17.408522,12.874997,13.560564,20.805666,11.358837,18.237423,12.094913,26.605232,27.901402,35.081295,34.761803,14.064486,12.603717,anomali,9.5,e,3
2026-08-28T17:38:42.981,BOSOK_004,30,7.464889,18.651691,73.534286,0.0,18.087557,13.926817,10.299997,11.551591,16.182184,10.517442,14.184662,10.843715,25.040218,25.36491,31.892088,31.285624,14.064486,12.603717,anomali,9.5,f,3
2026-08-28T17:39:21.040,BOSOK_004,31,7.464889,19.584276,59.393078,0.0,18.087557,16.712181,11.844997,12.556078,17.338055,9.255348,21.276993,10.843715,28.170246,28.746899,35.081295,35.920532,14.675985,13.503983,anomali,9.0,g,3
2026-08-28T17:40:09.043,BOSOK_004,32,7.464889,19.584276,64.106819,0.0,19.534561,16.712181,11.329997,12.053835,17.338055,9.676046,22.290184,10.843715,26.605232,27.901402,34.283993,34.761803,14.064486,12.603717,anomali,9.0,h,3
2026-08-28T17:43:31.767,BOSOK_005,33,15.75921,35.438213,67.877808,0.0,23.875576,20.193886,21.629995,28.627857,28.896757,17.248604,36.474846,23.355694,54.775478,58.339294,71.757195,69.523605,31.186468,28.808496,anomali,6.0,a,3
2026-08-28T17:43:59.412,BOSOK_005,34,95.384689,142.68544,134.812866,0.0,52.815666,41.780453,14.934997,22.098696,38.143719,23.138371,50.659508,25.441023,86.075752,82.858704,83.716728,76.475967,34.855465,38.711418,anomali,7.0,b,3
2026-08-28T17:44:53.710,BOSOK_005,35,109.485031,173.460739,164.980774,0.0,53.539169,37.602406,18.024996,23.605425,40.45546,21.876278,46.606747,24.606892,92.335808,88.777184,86.108635,78.793427,35.466965,45.013275,anomali,6.5,c,3
2026-08-28T17:45:26.982,BOSOK_005,36,88.749229,149.213531,145.18309,0.0,51.36866,38.995087,18.024996,24.10767,41.611332,20.614185,53.699078,28.360485,101.725883,101.459641,102.05468,96.174324,39.747459,48.614338,anomali,7.0,d,3
2026-08-28T17:46:04.814,BOSOK_005,37,31.518419,69.011261,82.019012,0.0,32.557602,27.853634,18.539995,24.10767,30.052628,15.565813,28.369324,20.853298,64.165558,64.257774,70.16259,66.047432,29.351971,30.609028,anomali,6.5,e,3
2026-08-28T17:46:26.549,BOSOK_005,38,36.49501,80.202271,100.873962,0.0,34.728111,27.853634,22.144995,31.641315,32.364368,18.931395,36.474846,22.938627,67.295586,70.176254,76.541008,70.682335,31.797968,33.309826,anomali,6.5,f,3
2026-08-28T17:46:43.861,BOSOK_005,39,38.983307,82.067444,93.331985,0.0,30.387096,27.853634,15.964996,19.587481,25.429148,12.200233,34.448463,18.350903,68.078094,71.021751,69.365288,66.047432,28.128971,30.609028,anomali,6.5,g,3
2026-08-28T17:47:48.060,BOSOK_005,40,48.936493,85.797783,90.503738,0.0,36.175114,28.549974,13.904997,18.582994,28.896757,15.565813,43.567177,22.938627,82.163216,83.704201,86.905937,85.745781,36.078465,38.711418,anomali,6.5,h,3
2026-08-28T17:48:53.419,BOSOK_006,41,12.441481,20.516861,66.935059,37.472702,17.364056,13.230476,14.934997,20.089724,21.961536,13.883022,23.303373,17.933836,80.598206,96.386658,90.892448,61.412521,30.574968,22.506638,anomali,7.5,a,3
2026-08-28T17:49:10.760,BOSOK_006,42,11.612049,23.314615,56.564838,0.0,20.981565,19.497543,15.449996,19.085238,25.429148,13.041628,30.395704,19.6021,47.732918,52.420815,69.365288,60.253796,25.682974,22.506638,anomali,7.5,b,3
2026-08-28T17:49:41.004,BOSOK_006,43,10.782617,19.584276,60.335827,0.0,18.81106,15.319499,15.449996,19.085238,20.805666,12.200233,25.329754,20.019165,49.297932,52.420815,75.743706,59.095066,29.963469,21.606373,anomali,8.0,c,3
2026-08-28T17:49:56.187,BOSOK_006,44,12.441481,23.314615,71.648796,0.0,26.769585,18.801203,36.049992,70.816277,50.858295,42.91116,26.342943,32.948212,60.253025,62.56678,113.216911,81.110878,44.639454,33.309826,anomali,8.5,d,3
2026-08-28T17:50:10.489,BOSOK_006,45,13.270913,23.314615,58.450333,0.0,20.981565,17.408522,18.539995,24.609913,27.740889,15.565813,29.382515,20.853298,45.385395,48.193329,70.959892,60.253796,28.128971,25.207434,anomali,7.5,e,3
2026-08-28T17:50:23.477,BOSOK_006,46,13.270913,27.977537,64.106819,42.042542,21.705069,18.104862,15.449996,20.591967,25.429148,14.724418,29.382515,18.350903,48.515423,53.266312,66.973381,61.412521,26.294474,23.406904,anomali,8.7,f,3
2026-08-28T17:50:37.683,BOSOK_006,47,14.929777,36.3708,70.706047,0.0,23.875576,20.193886,12.874997,17.076265,24.273277,14.724418,31.408895,19.6021,64.165558,73.558243,80.527519,66.047432,25.682974,22.506638,anomali,7.5,g,3
2026-08-28T17:50:55.280,BOSOK_006,48,11.612049,22.38203,58.450333,0.0,18.81106,16.015841,16.994995,23.103182,24.273277,16.827906,32.422085,24.606892,53.210464,60.875786,78.932915,72.999786,31.797968,24.307169,anomali,8.0,h,3
2026-08-28T17:51:21.059,BOSOK_007,49,12.441481,27.044952,64.106819,0.0,25.32258,22.282907,30.384993,62.780388,31.208498,36.600697,26.342943,22.521561,55.557983,60.030289,78.135612,70.682335,33.020966,29.708761,anomali,6.5,a,3
2026-08-28T17:51:35.910,BOSOK_007,50,13.270913,25.179783,69.763298,0.0,25.32258,25.068272,26.779993,35.65926,34.676109,19.772791,30.395704,26.275154,58.688011,64.257774,85.311333,75.317245,33.632465,29.708761,anomali,6.5,b,3
2026-08-28T17:51:42.990,BOSOK_007,51,12.441481,25.179783,72.591545,0.0,26.046082,24.371929,23.174994,35.157017,32.364368,24.400465,23.303373,21.687429,49.297932,50.72982,69.365288,59.095066,29.963469,27.007965,anomali,6.0,c,3
2026-08-28T17:51:54.428,BOSOK_007,52,15.75921,33.573044,81.076271,0.0,26.046082,22.979248,21.629995,28.627857,31.208498,16.827906,28.369324,19.185034,50.080437,51.575317,65.378777,55.618889,26.905972,27.908232,anomali,7.5,d,3
2026-08-28T17:52:04.675,BOSOK_007,53,27.371258,61.550583,88.618248,0.0,32.557602,28.549974,19.054995,24.10767,32.364368,15.565813,33.435276,20.019165,59.47052,59.184792,66.176079,57.93634,28.128971,27.908232,anomali,7.5,e,3
2026-08-28T17:52:29.645,BOSOK_007,54,52.254219,97.921379,115.957916,0.0,34.728111,25.764612,16.994995,20.089724,28.896757,13.041628,31.408895,18.350903,60.253025,63.412277,64.581474,56.777615,26.294474,36.910885,anomali,7.5,f,3
2026-08-28T17:53:49.394,BOSOK_007,55,22.394667,43.831474,69.763298,42.042542,26.769585,24.371929,15.964996,19.587481,25.429148,13.462325,29.382515,17.099705,52.427956,54.957306,60.594967,55.618889,25.071474,28.808496,anomali,7.5,g,3
2026-08-28T17:53:59.899,BOSOK_007,56,18.247505,41.966305,65.99231,0.0,26.046082,25.068272,19.054995,23.605425,28.896757,14.30372,25.329754,21.687429,57.122997,63.412277,76.541008,71.841064,29.351971,27.908232,anomali,7.5,h,3
2026-08-28T17:54:28.963,BOSOK_008,57,5.806025,12.1236,64.106819,0.0,16.640553,13.230476,12.359997,14.062807,19.649796,9.676046,21.276993,12.929045,28.170246,29.592396,39.865108,39.396713,15.898984,13.503983,anomali,8.5,a,3
2026-08-28T17:54:39.119,BOSOK_008,58,6.635457,13.988769,65.04009561,0.0,18.087557,13.926817,11.329997,13.058321,17.338055,9.676046,19.250612,12.929045,28.170246,30.437893,39.067806,41.714165,15.898984,14.404248,anomali,9.0,b,3
2026-08-28T17:54:59.083,BOSOK_008,59,5.806025,13.056184,60.335827,0.0,15.193548,11.837794,10.299997,11.551591,16.182184,8.413953,22.290184,11.677847,26.605232,28.746899,35.878597,38.237984,15.287484,13.503983,anomali,8.5,c,3
2026-08-28T17:55:08.516,BOSOK_008,60,6.635457,14.921353,56.56004838,43.87048,18.087557,14.623158,9.784998,11.049348,15.026314,9.255348,25.329754,10.426649,27.387739,28.746899,33.486691,35.920532,14.064486,12.603717,anomali,8.5,d,3
2026-08-28T17:55:19.853,BOSOK_008,61,5.806025,14.921353,62.221321,0.0,16.640553,15.319499,11.329997,11.551591,17.338055,8.834651,22.290184,10.843715,25.040218,26.210407,31.892088,32.444351,12.841487,11.703452,anomali,9.0,e,3
2026-08-28T17:55:29.268,BOSOK_008,62,6.635457,19.584276,42.4200363,0.0,11.576036,9.052431,10.299997,11.049348,15.026314,8.413953,13.171472,10.009583,20.345177,22.828419,30.297483,32.444351,13.452986,11.703452,anomali,9.0,f,3
2026-08-28T17:55:38.017,BOSOK_008,63,9.123753,24.2472,45.251869,0.0,14.470046,13.230476,6.694998,8.03589,12.714574,7.572558,20.263803,7.924253,24.257711,27.055904,28.702879,31.285624,12.229987,12.603717,anomali,9.5,g,3
2026-08-28T17:55:50.765,BOSOK_008,64,7.464889,19.584276,45.25001869,0.0,13.746543,11.141454,6.694998,8.538133,11.558703,7.993256,13.171472,7.924253,24.257711,26.210407,31.094786,33.603077,12.841487,11.703452,anomali,9.0,h,3
2026-08-28T17:57:53.590,BOSOK_009,65,9.953185,22.38203,52.79385,0.0,18.81106,16.712181,15.449996,18.582994,18.493925,10.517442,21.276993,14.597308,36.777821,39.738361,53.419247,49.825253,23.236977,20.706106,anomali,9.5,a,3
2026-08-28T17:58:15.536,BOSOK_009,66,28.200691,28.910122,56.50064838,0.0,20.981565,18.104862,11.844997,14.56505,17.338055,15.986511,20.263803,11.677847,34.430302,37.20187,44.648922,41.714165,18.95648,22.506638,anomali,6.5,b,3
2026-08-28T17:58:23.580,BOSOK_009,67,13.270913,29.842707,53.736595,0.0,18.81106,17.408522,12.874997,14.062807,17.338055,8.834651,15.197852,12.094913,36.777821,39.738361,48.635433,45.190346,18.95648,18.00531,anomali,9.0,c,3
2026-08-28T17:58:32.799,BOSOK_009,68,19.90637,42.898891,64.10006819,0.0,21.705069,18.801203,11.329997,12.556078,17.338055,7.993256,15.197852,11.26078,38.342834,40.583858,47.040829,44.03162,18.34498,18.00531,anomali,8.5,d,3
2026-08-28T17:58:47.452,BOSOK_009,69,28.200691,52.224735,72.591545,0.0,23.875576,21.586567,12.359997,13.560564,19.649796,8.834651,23.303373,12.094913,42.255367,44.81134,47.838131,45.190346,19.56798,24.307169,anomali,8.5,e,3
2026-08-28T17:59:00.173,BOSOK_009,70,17.418074,37.303383,69.70063298,0.0,23.152073,20.890226,11.844997,13.058321,19.649796,10.938139,23.303373,12.929045,39.12534,41.429352,49.432735,46.349072,19.56798,19.805841,anomali,9.0,f,3
2026-08-28T17:59:15.973,BOSOK_009,71,9.953185,25.179783,56.564838,0.0,18.81106,16.712181,10.299997,10.547105,15.026314,8.413953,20.263803,10.009583,33.647793,35.510876,43.054317,40.555439,16.510483,15.304514,anomali,9.0,g,3
2026-08-28T17:59:41.304,BOSOK_009,72,9.953185,25.179783,53.73006595,0.0,19.534561,18.104862,12.874997,14.56505,16.182184,9.255348,20.263803,11.677847,34.430302,36.356373,45.446224,42.87289,18.95648,18.00531,anomali,8.0,h,3
2026-08-28T18:01:03.217,BOSOK_010,73,8.294321,19.584276,54.67009344,40.214607,16.640553,12.534136,15.964996,19.085238,24.273277,13.883022,26.342943,15.014374,29.73526,31.28339,42.257015,41.714165,18.95648,16.204779,anomali,8.0,a,3
2026-08-28T18:01:12.584,BOSOK_010,74,11.612049,15.853938,42.42363,0.0,13.746543,10.445113,13.904997,18.582994,19.649796,14.30372,18.237423,14.180243,29.73526,31.28339,40.662411,40.555439,18.95648,18.905577,anomali,9.0,b,3
2026-08-28T18:01:29.404,BOSOK_010,75,8.294321,20.516861,51.851101,0.0,15.91705,12.534136,7.209998,10.547105,16.182184,12.200233,22.290184,10.843715,25.822725,27.901402,34.283993,34.761803,15.898984,15.304514,anomali,9.5,c,3
2026-08-28T18:01:37.859,BOSOK_010,76,9.953185,27.977537,57.507584,0.0,17.364056,14.623158,9.784998,12.053835,17.338055,12.200233,22.290184,11.26078,28.170246,30.437893,37.473202,38.237984,16.510483,15.304514,anomali,9.5,d,3
2026-08-28T18:01:55.165,BOSOK_010,77,9.953185,26.112368,51.85001101,0.0,18.087557,16.015841,11.329997,12.556078,18.493925,10.096744,14.184662,10.843715,28.952753,30.437893,35.878597,35.920532,15.898984,14.404248,anomali,9.0,e,3
2026-08-28T18:02:06.332,BOSOK_010,78,12.441481,27.977537,57.507584,0.0,18.81106,17.408522,11.329997,14.56505,18.493925,18.931395,21.276993,11.26078,32.082779,32.974384,38.270504,37.079258,17.121983,18.00531,anomali,9.5,f,3
2026-08-28T18:02:15.362,BOSOK_010,79,9.123753,25.179783,67.877808,0.0,20.981565,16.712181,12.874997,14.56505,20.805666,13.462325,25.329754,12.929045,30.517767,32.128887,39.865108,40.555439,17.121983,16.204779,anomali,9.5,g,3
2026-08-28T18:02:26.960,BOSOK_010,80,7.464889,17.719107,87.675499,0.0,20.258064,15.319499,14.419996,17.578508,23.117407,14.724418,22.290184,15.014374,31.300274,32.974384,43.85162,42.87289,18.95648,16.204779,anomali,8.5,h,3
2026-08-29T14:20:19.415,BOSOK_011,81,14.100346,33.573044,54.679344,0.0,20.258064,15.319499,14.419996,18.080751,18.493925,13.883022,26.342943,15.43144,43.037876,47.347832,52.621944,52.142708,23.848475,23.406904,anomali,8.5,a,3
2026-08-29T14:21:08.719,BOSOK_011,82,14.929777,34.50563,59.393078,0.0,18.81106,16.015841,11.844997,16.071779,17.338055,10.517442,25.329754,13.763176,43.820381,49.038826,51.824642,50.983978,22.013977,21.606373,anomali,5.5,b,3
2026-08-29T14:21:59.597,BOSOK_011,83,110.314468,160.404541,167.809021,0.0,50.645161,36.209724,12.359997,17.076265,27.740889,13.883022,39.514416,17.516769,93.900818,93.850166,79.730217,75.317245,33.020966,57.616993,anomali,6.0,c,3
2026-08-29T14:22:21.008,BOSOK_011,84,137.68573,195.842758,212.118149,0.0,65.115204,31.335339,12.874997,17.578508,25.429148,14.724418,36.474846,17.516769,115.811012,99.768646,82.919426,78.793427,36.078465,101.730003,anomali,7.0,d,3
2026-08-29T14:22:45.788,BOSOK_011,85,20.735802,44.764061,69.763298,0.0,19.534561,16.015841,11.844997,14.56505,15.026314,10.517442,21.276993,12.929045,43.037876,51.575317,54.216549,52.142708,23.848475,26.1077,anomali,7.0,e,3
2026-08-29T14:23:35.693,BOSOK_011,86,12.441481,27.977537,68.820549,0.0,19.534561,18.104862,12.874997,17.076265,17.338055,9.676046,24.316565,13.763176,44.60289,49.884323,56.608456,55.618889,23.848475,22.506638,anomali,5.5,f,3
2026-08-29T14:23:55.445,BOSOK_011,87,13.270913,29.842707,70.706047,0.0,23.875576,20.193886,21.629995,34.152531,21.961536,18.09,26.342943,20.019165,52.427956,56.6483,66.176079,64.888702,30.574968,27.908232,anomali,6.0,g,3
2026-08-29T14:24:15.540,BOSOK_011,88,16.588642,40.101135,74.477036,0.0,26.769585,23.675589,17.509996,23.103182,24.273277,15.986511,24.316565,20.436232,59.47052,61.721283,67.770683,64.888702,29.963469,28.808496,anomali,7.0,h,3
2026-08-29T14:25:47.134,BOSOK_012,89,43.9599,81.134857,92.389236,0.0,31.110598,25.764612,14.419996,18.582994,21.961536,11.779534,31.408895,18.350903,81.380707,87.931686,89.297844,82.2696,35.466965,36.01062,anomali,7.0,a,3
2026-08-29T14:26:27.313,BOSOK_012,90,73.819458,124.966331,143.297592,0.0,38.345619,27.853634,14.419996,19.587481,23.117407,12.62093,27.356134,18.767967,95.465836,99.768646,90.892448,81.110878,36.68996,48.614338,anomali,6.0,b,3
2026-08-29T14:27:20.659,BOSOK_012,91,90.408096,148.280945,173.4655,0.0,42.686634,27.157293,13.389997,18.080751,23.117407,12.62093,33.435276,19.185034,95.465836,98.077652,92.487053,79.952148,36.078465,56.716728,anomali,5.5,c,3
2026-08-29T14:27:56.906,BOSOK_012,92,48.107059,83.000031,100.873962,0.0,30.387096,22.979248,13.904997,18.080751,21.961536,11.358837,30.395704,17.099705,78.250679,82.013206,82.122124,72.999786,32.409466,39.611683,anomali,6.0,d,3
2026-08-29T14:28:16.445,BOSOK_012,93,47.27763,88.595535,116.900665,34.730797,29.663593,22.282907,13.904997,17.578508,21.961536,10.938139,31.408895,17.933836,68.078094,72.712746,75.743706,66.047432,28.740471,29.708761,anomali,6.0,e,3
2026-08-29T14:28:36.215,BOSOK_012,94,38.983307,78.337105,111.244179,0.0,29.663593,23.675589,15.964996,21.596453,24.273277,12.62093,28.369324,20.436232,75.90316,77.785728,78.932915,66.047432,31.797968,36.01062,anomali,6.0,f,3
2026-08-29T14:29:01.231,BOSOK_012,95,34.836147,63.415752,87.675499,0.0,26.769585,20.890226,15.964996,20.089724,25.429148,13.041628,32.422085,19.185034,69.643105,75.249237,78.135612,66.047432,29.351971,36.01062,anomali,5.5,g,3
2026-08-29T14:29:17.152,BOSOK_012,96,14.100346,29.842707,54.679344,34.730797,21.705069,16.712181,22.144995,42.690662,24.273277,22.296976,26.342943,20.019165,55.557983,61.721283,79.730217,64.888702,29.963469,26.1077,anomali,6.0,h,3
2026-08-29T14:30:14.866,BOSOK_013,97,14.100346,30.775291,74.477036,0.0,22.42857,16.712181,18.024996,24.10767,24.273277,15.565813,32.422085,21.687429,53.210464,60.030289,82.919426,63.729973,27.517471,25.207434,anomali,6.5,a,3
2026-08-29T14:30:39.424,BOSOK_013,98,25.712395,52.224735,86.73275,0.0,28.216589,22.282907,19.569996,28.627857,30.052628,17.248604,34.448463,25.023956,66.513077,72.712746,89.297844,70.682335,30.574968,27.007965,anomali,6.5,b,3
2026-08-29T14:31:01.645,BOSOK_013,99,53.083652,83.93261,105.5877,0.0,34.728111,25.764612,20.084995,27.121128,32.364368,18.510696,39.514416,24.606892,77.468178,83.704201,90.892448,78.793427,34.855465,42.312481,anomali,7.0,c,3
2026-08-29T14:31:23.705,BOSOK_013,100,18.247505,39.168552,79.190773,0.0,25.32258,20.193886,20.084995,34.152531,25.429148,25.241859,31.408895,21.687429,57.122997,64.257774,83.716728,70.682335,30.574968,27.908232,anomali,6.0,d,3
2026-08-29T14:31:42.105,BOSOK_013,101,29.030123,41.966305,65.99231,0.0,25.32258,17.408522,22.144995,38.672718,24.273277,26.503952,30.395704,20.853298,59.47052,69.330757,87.703239,72.999786,33.632465,45.013275,anomali,6.5,e,3
2026-08-29T14:31:59.482,BOSOK_013,102,23.224098,49.426983,83.90451,0.0,28.216589,22.979248,19.569996,34.654774,26.585018,19.352093,26.342943,21.687429,65.730576,73.558243,86.108635,72.999786,32.409466,29.708761,anomali,7.0,f,3
2026-08-29T14:32:20.005,BOSOK_013,103,53.913086,89.528122,114.072426,0.0,35.451611,26.460953,19.054995,26.618885,28.896757,18.09,36.474846,22.938627,74.33815,79.476723,86.108635,75.317245,34.243965,36.910885,anomali,6.5,g,3
2026-08-29T14:32:40.407,BOSOK_013,104,14.100346,31.707876,64.106819,0.0,23.875576,19.497543,19.569996,27.623371,28.896757,18.09,37.488037,22.521561,61.035534,71.021751,87.703239,70.682335,29.963469,26.1077,anomali,6.5,h,3
2026-08-29T14:34:34.165,BOSOK_014,105,6.635457,16.786522,75.419785,0.0,18.81106,13.926817,15.449996,16.574022,26.585018,13.883022,21.276993,15.014374,34.430302,40.583858,60.594967,49.825253,15.898984,13.503983,anomali,8.0,a,3
2026-08-29T14:35:41.161,BOSOK_014,106,7.464889,14.921353,58.450333,0.0,17.364056,13.230476,11.329997,12.556078,18.493925,12.62093,20.263803,15.848506,36.777821,39.738361,55.013851,60.253796,17.121983,14.404248,anomali,8.0,b,3
2026-08-29T14:36:20.077,BOSOK_014,107,7.464889,15.853938,58.450333,0.0,16.640553,12.534136,10.299997,12.053835,18.493925,11.358837,27.356134,15.848506,36.777821,38.892864,47.838131,45.190346,16.510483,13.503983,anomali,8.0,c,3
2026-08-29T14:37:03.981,BOSOK_014,108,7.464889,14.921353,48.080112,0.0,16.640553,15.319499,11.844997,12.556078,19.649796,11.358837,26.342943,16.265572,39.12534,45.656837,56.608456,49.825253,18.34498,15.304514,anomali,8.5,d,3
2026-08-29T14:37:44.613,BOSOK_014,109,6.635457,12.1236,53.736595,0.0,13.023041,11.837794,12.359997,12.053835,13.870444,9.676046,22.290184,15.43144,32.865288,40.583858,62.189571,48.666527,16.510483,11.703452,anomali,8.5,e,3
2026-08-29T14:38:23.808,BOSOK_014,110,7.464889,13.988769,65.049561,0.0,18.81106,14.623158,26.264994,22.098696,21.961536,11.779534,28.369324,18.767967,35.995316,41.429352,66.176079,52.142708,19.56798,14.404248,anomali,8.5,f,3
2026-08-29T14:39:01.786,BOSOK_014,111,7.464889,14.921353,66.935059,0.0,18.81106,13.926817,11.844997,13.058321,20.805666,12.62093,28.369324,14.180243,35.212807,38.047367,47.040829,45.190346,16.510483,14.404248,anomali,8.0,g,3
2026-08-29T14:39:40.960,BOSOK_014,112,6.635457,15.853938,65.99231,0.0,20.258064,16.712181,11.329997,12.556078,24.273277,13.041628,25.329754,14.180243,33.647793,37.20187,46.243526,45.190346,15.898984,12.603717,anomali,8.0,h,3
2026-08-29T14:41:05.447,BOSOK_015,113,14.929777,25.179783,53.736595,43.87048,23.152073,17.408522,51.499989,52.735527,28.896757,20.614185,29.382515,30.028748,93.118309,120.060577,141.122482,103.126686,45.250954,30.609028,anomali,6.0,a,3
2026-08-29T14:41:27.254,BOSOK_015,114,15.75921,33.573044,89.560989,0.0,27.493086,20.890226,58.709984,62.278145,34.676109,21.876278,41.540794,33.782341,72.773132,87.086189,163.446945,117.03141,48.308449,31.509293,anomali,6.5,b,3
2026-08-29T14:41:42.853,BOSOK_015,115,14.929777,24.2472,59.393078,0.0,22.42857,18.104862,43.77499,44.699635,27.740889,19.352093,27.356134,26.275154,75.120659,82.013206,116.40612,88.06324,44.027954,30.609028,anomali,6.0,c,3
2026-08-29T14:42:02.757,BOSOK_015,116,17.418074,30.775291,71.648796,0.0,23.875576,21.586567,26.264994,30.134586,24.273277,25.662558,32.422085,24.606892,85.293243,95.541161,121.987236,90.380692,48.919949,48.614338,anomali,6.0,d,3
2026-08-29T14:42:32.123,BOSOK_015,117,15.75921,27.977537,67.877808,0.0,28.216589,18.801203,72.099983,87.89254,40.45546,40.386974,31.408895,40.872463,82.945724,93.850166,153.082016,98.491776,73.991425,51.315136,anomali,6.0,e,3
2026-08-29T14:42:48.271,BOSOK_015,118,18.247505,39.168552,92.389236,0.0,28.216589,22.282907,64.889984,74.331978,32.364368,34.076511,30.395704,28.360485,71.208122,83.704201,109.2304,89.221962,50.754448,44.11301,anomali,6.5,f,3
2026-08-29T14:43:05.440,BOSOK_015,119,15.75921,26.112368,57.507584,0.0,23.152073,16.712181,30.899992,34.152531,23.117407,18.510696,26.342943,20.853298,65.730576,75.249237,92.487053,79.952148,33.632465,29.708761,anomali,6.0,g,3
2026-08-29T14:43:19.730,BOSOK_015,120,28.200691,40.101135,62.221321,0.0,40.516129,19.497543,63.859985,68.807304,27.740889,28.607441,27.356134,32.114079,84.510735,102.305138,161.055038,111.237778,56.869442,42.312481,anomali,6.0,h,3
2026-08-29T14:44:56.207,BOSOK_016,121,14.100346,30.775291,84.84726,0.0,26.769585,20.890226,50.984985,52.735527,32.364368,25.662558,41.540794,33.365276,79.815697,95.541161,128.365646,89.221962,44.639454,33.309826,anomali,6.0,a,3
2026-08-29T14:45:14.790,BOSOK_016,122,21.565233,57.820244,166.866272,0.0,30.387096,23.675589,27.294992,25.112156,24.273277,15.565813,38.501225,29.194616,87.640762,107.37812,114.811516,85.745781,38.52446,34.210091,anomali,6.5,b,3
2026-08-29T14:45:47.707,BOSOK_016,123,15.75921,36.3708,109.358688,0.0,28.940092,24.371929,32.444992,34.152531,30.052628,21.034883,43.567177,30.862881,79.815697,94.695663,114.811516,86.90451,40.970459,33.309826,anomali,6.5,c,3
2026-08-29T14:46:22.532,BOSOK_016,124,19.076937,46.62923,122.557152,0.0,29.663593,26.460953,22.144995,24.10767,28.896757,16.827906,42.553986,28.360485,81.380707,98.077652,113.216911,91.539421,32.409466,28.808496,anomali,6.0,d,3
2026-08-29T14:47:01.767,BOSOK_016,125,35.665581,75.539352,180.064728,0.0,40.516129,34.120701,21.114994,22.098696,30.052628,16.407209,35.461655,27.109287,82.163216,96.386658,106.838493,88.06324,33.020966,37.811153,anomali,6.5,e,3
2026-08-29T14:47:34.889,BOSOK_016,126,34.836147,61.550583,138.583847,0.0,43.410137,28.549974,21.114994,33.650288,34.676109,58.897671,35.461655,27.526352,93.118309,94.695663,105.243889,90.380692,67.264931,91.82708,anomali,6.0,f,3
2026-08-29T14:48:21.987,BOSOK_016,127,21.565233,45.696644,110.30143,0.0,30.387096,27.853634,19.569996,22.600939,31.208498,16.827906,36.474846,27.943419,80.598206,91.313675,105.243889,90.380692,35.466965,33.309826,anomali,6.0,g,3
2026-08-29T14:48:40.144,BOSOK_016,128,15.75921,29.842707,80.133522,0.0,27.493086,22.979248,62.314983,68.305061,35.831982,32.814419,44.580368,37.11887,82.945724,95.541161,129.162949,98.491776,43.416454,35.110355,anomali,6.5,h,3
2026-08-29T14:50:38.699,BOSOK_017,129,9.953185,17.719107,45.251869,0.0,16.640553,13.926817,15.449996,16.574022,19.649796,11.779534,25.329754,15.848506,39.12534,45.656837,55.811153,53.301434,21.402477,18.905577,anomali,8.0,a,3
2026-08-29T14:51:28.196,BOSOK_017,130,8.294321,16.786522,52.79385,0.0,14.470046,13.926817,10.299997,11.551591,13.870444,9.676046,20.263803,11.677847,34.430302,43.120346,51.02734,50.983978,17.121983,14.404248,anomali,7.5,b,3
2026-08-29T14:51:44.544,BOSOK_017,131,13.270913,30.775291,82.961761,43.87048,20.981565,18.104862,23.174994,20.089724,17.338055,11.779534,24.316565,15.014374,48.515423,58.339294,62.986874,61.412521,23.848475,20.706106,anomali,8.0,c,3
2026-08-29T14:52:01.819,BOSOK_017,132,10.782617,27.044952,70.706047,0.0,19.534561,16.712181,13.389997,15.569536,18.493925,11.779534,23.303373,15.848506,48.515423,55.802803,63.784176,61.412521,24.459974,20.706106,anomali,8.0,d,3
2026-08-29T14:52:27.243,BOSOK_017,133,9.953185,18.651691,51.851101,37.472702,15.91705,14.623158,10.814998,14.062807,15.026314,11.779534,21.276993,13.34611,42.255367,50.72982,57.405758,55.618889,21.402477,19.805841,anomali,7.5,e,3
2026-08-29T14:52:46.041,BOSOK_017,134,8.294321,15.853938,49.965607,0.0,14.470046,13.230476,11.844997,14.062807,13.870444,10.938139,19.250612,12.094913,35.995316,43.120346,51.02734,49.825253,19.56798,18.00531,anomali,8.0,f,3
2026-08-29T14:53:03.804,BOSOK_017,135,10.782617,18.651691,54.679344,0.0,19.534561,18.104862,23.689995,29.632343,20.805666,15.145116,19.250612,17.516769,49.297932,55.802803,62.986874,61.412521,24.459974,21.606373,anomali,8.0,g,3
2026-08-29T14:53:16.346,BOSOK_017,136,9.123753,17.719107,67.877808,0.0,18.087557,14.623158,15.964996,19.587481,25.429148,14.30372,33.435276,22.104496,50.080437,54.957306,68.567986,63.729973,23.848475,18.905577,anomali,8.0,h,3
2026-08-29T14:54:09.831,BOSOK_018,137,496.829803,456.966461,143.297592,628.810181,515.133606,29.246317,12.359997,290.798767,339.825867,440.049744,39.514416,17.099705,696.431091,75.249237,75.743706,57.93634,397.474579,627.485046,anomali,10.0,a,3
2026-08-29T14:54:54.733,BOSOK_018,138,9.123753,17.719107,55.622089,63.063816,13.023041,8.356091,6.179998,8.538133,9.246963,10.096744,18.237423,9.592517,29.73526,35.510876,40.662411,41.714165,17.121983,16.204779,anomali,10.0,b,3
2026-08-29T14:55:10.886,BOSOK_018,139,10.782617,20.516861,65.08849561,0.0,15.193548,11.141454,6.694998,9.040376,9.246963,10.517442,15.197852,11.677847,36.777821,46.502335,51.02734,52.142708,19.56798,18.00531,anomali,10.0,c,3
2026-08-29T14:55:29.971,BOSOK_018,140,45.618763,56.887661,119.728905,0.0,68.732719,59.188972,7.724998,10.547105,15.026314,12.200233,18.237423,10.009583,36.777821,38.892864,41.459713,41.714165,19.56798,18.00531,anomali,10.0,d,3
2026-08-29T14:55:43.172,BOSOK_018,141,53.913086,63.415752,112.186928,0.0,102.73732,63.36702,120.509972,270.206787,230.018188,273.874176,50.659508,292.780304,333.3479,246.039627,263.109711,64.888702,388.302094,397.01709,anomali,10.0,e,3
2026-08-29T14:55:55.712,BOSOK_018,142,9.123753,16.786522,58.450333,0.0,14.470046,9.052431,7.724998,10.044862,12.714574,11.779534,18.237423,10.426649,32.865288,35.510876,43.85162,41.714165,17.733482,16.204779,anomali,10.0,f,3
2026-08-29T14:56:11.230,BOSOK_018,143,9.953185,18.651691,59.393078,0.0,14.470046,9.748772,6.694998,9.040376,9.246963,10.938139,12.158282,9.592517,29.73526,36.356373,41.459713,44.03162,17.121983,16.204779,anomali,10.0,g,3
2026-08-29T14:56:25.229,BOSOK_018,144,9.953185,21.449446,53.736595,0.0,16.640553,11.837794,7.724998,10.547105,12.714574,12.200233,12.158282,9.175451,30.517767,33.819881,41.459713,37.079258,17.121983,16.204779,anomali,10.0,h,3
2026-08-29T14:57:23.029,BOSOK_019,145,20.735802,31.707876,73.534286,0.0,39.792625,20.890226,68.49498,110.995728,56.637646,111.064178,38.501225,113.024872,94.683327,91.313675,106.838493,68.364883,143.702347,150.344345,anomali,8.0,a,3
2026-08-29T14:57:45.509,BOSOK_019,146,14.929777,27.977537,76.38862534,0.0,20.258064,15.319499,10.299997,14.56505,15.026314,16.407209,34.448463,16.682638,46.950409,51.575317,57.405758,57.93634,25.682974,28.808496,anomali,8.0,b,3
2026-08-29T14:57:59.900,BOSOK_019,147,19.076937,26.112368,69.763298,0.0,27.493086,22.282907,27.294992,26.116642,30.052628,25.241859,46.606747,23.772758,49.297932,56.6483,73.351799,69.523605,28.740471,28.808496,anomali,8.0,c,3
2026-08-29T14:58:17.299,BOSOK_019,148,13.270913,25.179783,60.335827,0.0,20.258064,16.712181,13.904997,18.080751,24.273277,20.193487,27.356134,20.853298,47.732918,55.802803,63.784176,61.412521,26.905972,26.1077,anomali,8.0,d,3
2026-08-29T14:58:30.705,BOSOK_019,149,14.929777,27.044952,66.935059,0.0,24.599077,16.712181,27.809994,56.753471,41.611332,57.635578,26.342943,52.550308,72.773132,64.257774,78.135612,63.729973,77.04892,77.422836,anomali,8.0,e,3
2026-08-29T14:58:41.442,BOSOK_019,150,13.270913,27.044952,72.591545,0.0,20.981565,17.408522,14.934997,20.591967,20.805666,19.352093,21.276993,17.933836,47.732918,60.030289,68.567986,66.047432,28.128971,25.207434,anomali,8.0,f,3
2026-08-29T14:58:57.151,BOSOK_019,151,16.588642,35.438213,97.102974,0.0,23.875576,20.193886,11.844997,15.067293,21.961536,16.407209,26.342943,18.767967,57.122997,71.021751,77.33831,78.793427,27.517471,26.1077,anomali,8.0,g,3
2026-08-29T14:59:07.320,BOSOK_019,152,14.929777,28.910122,82.961761,0.0,23.152073,16.712181,12.359997,17.578508,21.961536,18.931395,31.408895,19.6021,45.385395,58.339294,68.567986,70.682335,27.517471,26.1077,anomali,8.0,h,3
2026-08-29T15:00:15.638,BOSOK_020,153,22.394667,43.831474,102.759453,0.0,26.769585,20.193886,33.474991,37.668232,28.896757,17.669302,36.474846,24.606892,67.295586,82.013206,100.460075,86.90451,34.855465,33.309826,anomali,6.0,a,3
2026-08-29T15:00:34.919,BOSOK_020,154,18.247505,34.50563,83.9880451,0.0,26.046082,20.890226,57.679985,69.81179,35.831982,31.552324,35.461655,24.189825,67.295586,82.013206,99.662773,86.90451,37.91296,32.409557,anomali,6.0,b,3
2026-08-29T15:00:48.968,BOSOK_020,155,25.712395,46.62923,104.644951,0.0,28.940092,22.979248,32.959991,39.174961,30.052628,19.772791,37.488037,23.772758,72.773132,87.931686,99.662773,89.221962,35.466965,36.910885,anomali,6.0,c,3
2026-08-29T15:01:06.292,BOSOK_020,156,25.712395,52.224735,117.843414,43.87048,27.493086,22.282907,28.324993,33.148045,26.585018,16.827906,35.461655,21.270363,68.860603,83.704201,92.487053,83.428329,33.020966,32.409557,anomali,6.0,d,3
2026-08-29T15:01:51.148,BOSOK_020,157,22.394667,41.966305,93.331985,0.0,26.046082,22.282907,23.174994,27.623371,28.896757,15.986511,37.488037,24.189825,74.33815,89.622681,99.662773,90.380692,35.466965,33.309826,anomali,6.0,e,3
2026-08-29T15:02:07.538,BOSOK_020,158,24.05353,43.831474,98.988464,0.0,27.493086,22.979248,27.809994,32.645802,26.585018,17.669302,35.461655,22.104496,68.860603,83.704201,92.487053,85.745781,33.020966,30.609028,anomali,6.0,f,3
2026-08-29T15:02:16.969,BOSOK_020,159,29.859554,55.022491,111.244179,0.0,28.940092,23.675589,19.054995,24.609913,28.896757,15.565813,37.488037,22.938627,73.555641,88.777184,94.081657,89.221962,34.243965,33.309826,anomali,6.0,g,3
2026-08-29T15:02:28.768,BOSOK_020,160,24.05353,45.696644,93.331985,0.0,24.599077,20.890226,15.964996,19.587481,24.273277,13.462325,36.474846,22.104496,67.295586,76.940231,86.108635,79.952148,29.963469,27.007965,anomali,6.0,h,3
2026-08-29T15:04:12.693,BOSOK_021,161,12.441481,29.842707,83.90451,0.0,24.599077,15.319499,21.629995,23.605425,16.182184,19.352093,19.250612,30.445814,43.820381,51.575317,69.365288,56.777615,43.416454,27.007965,anomali,8.5,a,3
2026-08-29T15:04:37.632,BOSOK_021,162,16.588642,60.617996,204.576157,0.0,37.62212,55.707268,11.329997,14.062807,17.338055,15.986511,31.408895,15.43144,53.210464,65.103271,62.986874,64.888702,24.459974,26.1077,anomali,8.5,b,3
2026-08-29T15:05:06.408,BOSOK_021,163,29.030123,60.617996,137.641098,0.0,28.216589,22.979248,12.359997,15.067293,18.493925,11.358837,35.461655,17.099705,75.90316,77.785728,76.541008,71.841064,31.186468,41.412212,anomali,8.5,c,3
2026-08-29T15:06:02.634,BOSOK_021,164,15.75921,31.707876,86.73275,0.0,19.534561,16.712181,10.814998,12.556078,16.182184,9.676046,26.342943,13.763176,51.645451,56.6483,57.405758,57.93634,21.402477,27.007965,anomali,8.5,d,3
2026-08-29T15:06:27.520,BOSOK_021,165,21.565233,33.573044,73.534286,0.0,22.42857,16.712181,15.449996,18.080751,18.493925,11.358837,27.356134,15.848506,57.122997,55.802803,64.581474,61.412521,23.848475,31.509293,anomali,8.5,e,3
2026-08-29T15:06:54.649,BOSOK_021,166,24.882961,42.898891,93.331985,0.0,26.046082,18.801203,13.904997,16.574022,18.493925,10.938139,26.342943,15.848506,62.600548,61.721283,65.378777,63.729973,25.682974,36.01062,anomali,9.0,f,3
2026-08-29T15:07:42.533,BOSOK_021,167,30.688986,52.224735,114.072426,0.0,31.834101,24.371929,11.844997,14.56505,17.338055,12.62093,21.276993,15.014374,75.120659,66.794266,69.365288,64.888702,34.855465,55.816463,anomali,8.5,g,3
2026-08-29T15:07:56.875,BOSOK_021,168,19.076937,38.23597,96.160225,0.0,20.981565,17.408522,10.299997,12.053835,16.182184,9.676046,26.342943,13.763176,53.99297,56.6483,57.405758,57.93634,23.848475,30.609028,anomali,8.5,h,3
2026-08-29T15:47:05.206,AMAN_001,169,22.394667,55.022491,65.99231,0.0,26.046082,22.282907,14.934997,20.591967,20.805666,13.462325,30.395704,18.350903,61.818039,64.257774,72.554497,67.206154,31.797968,31.509293,normal,6.0,a,3
2026-08-29T15:47:29.833,AMAN_001,170,49.765923,83.93261,72.591545,0.0,34.728111,28.549974,15.449996,20.089724,24.273277,14.30372,34.448463,19.6021,80.598206,79.476723,82.122124,75.317245,34.855465,36.910885,normal,6.5,b,3
2026-08-29T15:47:42.939,AMAN_001,171,69.672295,101.651718,82.961761,0.0,39.069122,29.942657,16.994995,23.103182,25.429148,15.986511,36.474846,21.687429,81.380707,84.549698,90.095146,84.587059,37.91296,39.611683,normal,6.5,c,3
2026-08-29T15:48:05.845,AMAN_001,172,34.836147,66.213509,64.106819,0.0,29.663593,24.371929,16.479996,22.600939,24.273277,15.145116,25.329754,19.185034,70.425613,71.867249,78.135612,71.841064,33.020966,34.210091,normal,6.0,d,3
2026-08-29T15:48:21.091,AMAN_001,173,24.882961,62.483166,67.877808,43.87048,27.493086,24.371929,14.934997,19.085238,21.961536,13.462325,30.395704,18.350903,66.513077,70.176254,76.541008,71.841064,32.409466,31.509293,normal,6.0,e,3
2026-08-29T15:48:33.441,AMAN_001,174,27.371258,64.348335,64.106819,0.0,28.940092,25.068272,14.934997,19.587481,21.961536,13.883022,25.329754,18.767967,65.730576,68.48526,74.149101,70.682335,31.186468,30.609028,normal,6.0,f,3
2026-08-29T15:48:47.485,AMAN_001,175,30.688986,68.078674,64.106819,0.0,28.216589,24.371929,14.934997,19.085238,23.117407,14.30372,24.316565,19.185034,68.860603,69.330757,76.541008,72.999786,33.020966,34.210091,normal,6.5,g,3
2026-08-29T15:49:03.453,AMAN_001,176,25.712395,58.752831,64.106819,0.0,27.493086,23.675589,15.449996,20.591967,20.805666,14.30372,29.382515,18.767967,64.948067,65.948769,72.554497,67.206154,31.797968,32.409557,normal,6.0,h,3
2026-08-29T15:50:22.175,AMAN_002,177,28.200691,49.426983,56.564838,0.0,25.32258,20.193886,17.509996,26.116642,21.961536,26.92465,22.290184,20.436232,65.730576,69.330757,80.527519,76.475967,36.078465,36.910885,normal,7.5,a,3
2026-08-29T15:50:39.327,AMAN_002,178,32.347851,50.359566,71.648796,0.0,26.046082,20.890226,14.934997,20.089724,20.805666,13.462325,21.276993,18.350903,61.035534,62.56678,73.351799,68.364883,32.409466,33.309826,normal,7.5,b,3
2026-08-29T15:50:55.469,AMAN_002,179,63.036839,88.595535,76.362534,0.0,34.004608,25.764612,18.024996,24.609913,24.273277,15.986511,31.408895,20.853298,68.078094,68.48526,77.33831,71.841064,36.078465,36.910885,normal,8.0,c,3
2026-08-29T15:51:11.026,AMAN_002,180,74.648888,62.483166,59.393078,0.0,32.557602,23.675589,11.329997,15.067293,18.493925,17.669302,28.369324,16.682638,67.295586,66.794266,70.16259,67.206154,30.574968,37.811153,normal,7.5,d,3
2026-08-29T15:51:28.821,AMAN_002,181,46.448196,79.269691,79.190773,45.698418,34.728111,28.549974,13.389997,17.578508,25.429148,15.565813,33.435276,18.350903,74.33815,74.40374,80.527519,74.158516,32.409466,36.910885,normal,8.0,e,3
2026-08-29T15:51:44.709,AMAN_002,182,102.849579,115.640488,97.102974,57.580006,42.686634,27.853634,15.449996,21.596453,28.896757,16.407209,38.501225,21.687429,73.555641,75.249237,82.122124,77.634697,33.632465,34.210091,normal,7.5,f,3
2026-08-29T15:52:03.967,AMAN_002,183,69.672295,98.853966,79.190773,0.0,37.62212,28.549974,18.539995,26.618885,30.052628,18.09,29.382515,22.104496,79.815697,78.631226,79.730217,72.999786,34.855465,38.711418,normal,8.0,g,3
2026-08-29T15:52:17.201,AMAN_002,184,34.006714,50.359566,56.564838,41.128574,26.046082,20.193886,15.449996,23.103182,23.117407,62.263252,27.356134,18.350903,60.253025,62.56678,70.959892,64.888702,33.020966,37.811153,normal,7.5,h,3
2026-08-29T15:53:06.948,AMAN_003,185,29.030123,51.292152,49.88965607,0.0,23.152073,18.801203,13.904997,31.139072,18.493925,26.503952,19.250612,15.43144,61.035534,66.794266,74.149101,68.364883,33.020966,36.01062,normal,7.5,a,3
2026-08-29T15:53:22.797,AMAN_003,186,40.64217,64.348335,62.221321,0.0,25.32258,19.497543,12.874997,18.582994,20.805666,13.883022,27.356134,14.597308,62.600548,67.639763,70.959892,66.047432,29.963469,37.811153,normal,7.5,b,3
2026-08-29T15:53:36.878,AMAN_003,187,111.143898,66.213509,57.507584,0.0,38.345619,22.282907,19.054995,146.15274,72.819832,423.221832,29.382515,22.938627,139.286209,82.858704,98.068169,81.110878,93.559402,467.237793,normal,7.0,c,3
2026-08-29T15:53:55.757,AMAN_003,188,77.137184,92.325874,71.648796,0.0,37.62212,29.942657,13.389997,22.098696,25.429148,30.71093,34.448463,16.682638,94.683327,95.541161,86.905937,78.793427,39.747459,55.816463,normal,8.0,d,3
2026-08-29T15:54:11.396,AMAN_003,189,54.742516,90.460701,75.419785,38.386669,31.110598,22.979248,12.874997,19.085238,20.805666,13.041628,28.369324,15.014374,64.165558,69.330757,72.554497,68.364883,31.186468,34.210091,normal,8.0,e,3
2026-08-29T15:54:24.857,AMAN_003,190,41.471603,56.887661,62.221321,0.0,28.216589,20.193886,18.024996,30.134586,26.585018,26.92465,29.382515,19.185034,63.383053,68.48526,82.122124,75.317245,36.078465,37.811153,normal,7.5,f,3
2026-08-29T15:54:43.173,AMAN_003,191,466.140839,172.528152,78.248024,0.0,82.479263,29.246317,19.054995,33.148045,31.208498,120.740227,34.448463,24.189825,98.595863,83.704201,95.676262,82.2696,52.588947,189.055756,normal,7.0,g,3
2026-08-29T15:54:59.089,AMAN_003,192,47.27763,30.775291,49.965607,0.0,23.875576,16.015841,18.024996,33.148045,24.273277,46.276741,18.237423,18.350903,57.905506,60.875786,82.122124,70.682335,39.13596,88.226021,normal,7.5,h,3
2026-08-29T15:55:48.285,AMAN_004,193,72.160591,110.977562,73.534286,0.0,39.069122,26.460953,20.599995,50.224312,33.520241,47.118137,28.369324,21.270363,90.77079,92.159172,95.676262,82.2696,40.970459,51.315136,normal,7.5,a,3
2026-08-29T15:56:03.368,AMAN_004,194,38.153873,60.617996,65.88049561,0.0,28.216589,23.675589,16.479996,26.618885,24.273277,21.034883,29.382515,18.350903,73.555641,73.558243,81.324821,72.999786,35.466965,45.91354,normal,7.5,b,3
2026-08-29T15:56:39.399,AMAN_004,195,80.45491,74.606766,68.820549,0.0,37.62212,23.675589,22.659994,123.049561,55.481777,357.172302,26.342943,25.858089,101.725883,80.32222,98.068169,81.110878,78.271919,359.205933,normal,7.0,c,3
2026-08-29T15:57:02.195,AMAN_004,196,47.27763,86.73037,74.477036,0.0,34.004608,27.157293,17.509996,36.161503,28.896757,29.448835,27.356134,20.019165,84.510735,84.549698,88.500542,78.793427,37.30146,42.312481,normal,7.5,d,3
2026-08-29T15:57:18.190,AMAN_004,197,84.602074,121.235992,88.618248,0.0,40.516129,27.853634,18.024996,28.627857,30.052628,19.352093,35.461655,20.019165,83.728233,84.549698,87.703239,77.634697,35.466965,39.611683,normal,7.5,e,3
2026-08-29T15:58:09.896,AMAN_004,198,353.338074,126.831505,81.076271,0.0,67.285713,29.246317,19.569996,35.65926,36.98785,132.51976,39.514416,27.109287,147.893784,101.459641,114.014214,97.333054,59.315437,240.370895,normal,7.5,f,3
2026-08-29T15:58:35.721,AMAN_004,199,60.548542,88.595535,67.877808,0.0,34.004608,21.586567,20.084995,47.21085,39.299591,45.014648,26.342943,20.436232,82.163216,84.549698,96.473564,81.110878,39.13596,47.714073,normal,7.0,g,3
2026-08-29T15:58:52.789,AMAN_004,200,29.030123,69.94384,65.049561,0.0,29.663593,23.675589,20.599995,40.68169,33.520241,34.917904,31.408895,20.019165,70.425613,72.712746,87.703239,75.317245,36.078465,41.412212,normal,7.5,h,3
2026-08-29T15:59:40.660,AMAN_005,201,34.006714,65.280922,61.278576,0.0,28.940092,22.282907,18.024996,29.1301,24.273277,20.193487,28.369324,18.350903,64.948067,66.794266,75.743706,67.206154,32.409466,34.210091,normal,7.0,a,3
2026-08-29T16:00:00.041,AMAN_005,202,40.64217,70.876427,62.221321,0.0,28.940092,22.979248,15.964996,23.103182,24.273277,15.986511,29.382515,17.933836,70.425613,70.176254,75.743706,67.206154,32.409466,38.711418,normal,7.0,b,3
2026-08-29T16:00:16.869,AMAN_005,203,72.990021,107.247231,72.591545,0.0,36.175114,26.460953,15.964996,24.609913,26.585018,16.827906,33.435276,18.350903,82.945724,85.395195,81.324821,74.158516,33.632465,40.511948,normal,7.0,c,3
2026-08-29T16:00:37.601,AMAN_005,204,33.177284,69.94384,65.049561,0.0,29.663593,22.979248,18.539995,36.663746,26.585018,29.028139,30.395704,18.350903,68.860603,70.176254,78.932915,68.364883,33.020966,36.01062,normal,7.0,d,3
2026-08-29T16:01:06.849,AMAN_005,205,21.565233,52.224735,68.820549,0.0,26.769585,20.890226,19.569996,38.170475,26.585018,39.124882,28.369324,19.6021,61.818039,64.257774,79.730217,69.523605,34.243965,33.309826,normal,7.0,e,3
2026-08-29T16:01:22.011,AMAN_005,206,22.394667,35.438213,65.99231,0.0,26.046082,19.497543,22.144995,43.192905,30.052628,45.435349,28.369324,22.104496,58.688011,60.875786,81.324821,70.682335,35.466965,34.210091,normal,7.0,f,3
2026-08-29T16:01:43.952,AMAN_005,207,15.75921,27.977537,79.190773,0.0,26.769585,18.801203,25.749994,58.260201,33.520241,80.353256,30.395704,25.441023,63.383053,65.103271,88.500542,76.475967,41.581959,38.711418,normal,7.0,g,3
2026-08-29T16:03:41.459,AMAN_005,208,14.929777,28.910122,67.877808,45.698418,25.32258,18.801203,26.779993,64.78936,33.520241,87.505112,28.369324,25.858089,61.818039,64.257774,86.108635,74.158516,42.193455,38.711418,normal,7.0,h,3
2026-08-29T16:04:34.432,AMAN_006,209,47.27763,45.696644,55.88622089,0.0,26.046082,19.497543,19.569996,38.170475,27.740889,30.290232,21.276993,18.350903,57.122997,58.339294,74.946404,64.888702,30.574968,33.309826,normal,7.0,a,3
2026-08-29T16:05:02.836,AMAN_006,210,40.64217,63.415752,65.99231,0.0,28.216589,21.586567,16.479996,27.623371,25.429148,84.980927,29.382515,18.350903,61.818039,62.56678,70.959892,62.571247,31.797968,81.924164,normal,7.0,b,3
2026-08-29T16:05:24.037,AMAN_006,211,40.64217,70.876427,66.935059,0.0,30.387096,25.068272,15.964996,24.10767,26.585018,16.827906,31.408895,17.516769,69.643105,68.48526,73.351799,66.047432,30.574968,36.01062,normal,7.0,c,3
2026-08-29T16:05:40.275,AMAN_006,212,54.742516,92.325874,69.763298,0.0,31.834101,22.979248,13.904997,21.09421,24.273277,13.883022,32.422085,17.933836,71.208122,74.40374,74.946404,67.206154,30.574968,34.210091,normal,7.0,d,3
2026-08-29T16:05:54.654,AMAN_006,213,25.712395,55.022491,59.393078,0.0,26.769585,20.890226,17.509996,30.636829,26.585018,23.559069,30.395704,17.516769,65.730576,67.639763,73.351799,64.888702,30.574968,35.110355,normal,7.0,e,3
2026-08-29T16:06:07.394,AMAN_006,214,80.45491,49.426983,54.679344,0.0,27.493086,19.497543,17.509996,33.148045,26.585018,114.429764,27.356134,18.767967,67.295586,60.030289,74.149101,63.729973,34.855465,156.646194,normal,7.0,f,3
2026-08-29T16:06:24.941,AMAN_006,215,34.836147,70.876427,65.8899231,0.0,31.110598,24.371929,16.479996,31.641315,25.429148,27.766045,23.303373,17.933836,69.643105,69.330757,75.743706,67.206154,31.186468,36.01062,normal,7.0,g,3
2026-08-29T16:06:47.540,AMAN_006,216,17.418074,45.696644,58.450333,0.0,23.152073,19.497543,17.509996,27.623371,23.117407,18.09,27.356134,17.933836,53.99297,57.493797,70.16259,63.729973,29.351971,27.908232,normal,7.0,h,3
2026-08-29T16:07:38.235,AMAN_007,217,36.49501,66.213509,80.133522,0.0,33.281105,27.157293,22.144995,34.152531,35.831982,23.979767,58.76503,30.445814,95.465836,106.532623,120.392632,114.713951,49.531448,48.614338,normal,7.5,a,3
2026-08-29T16:07:55.454,AMAN_007,218,25.712395,50.359566,56.564838,0.0,24.599077,20.193886,14.934997,21.596453,21.961536,15.145116,28.369324,17.516769,61.035534,65.948769,71.757195,66.047432,29.963469,31.509293,normal,7.0,b,3
2026-08-29T16:08:40.023,AMAN_007,219,21.565233,49.426983,51.851101,0.0,23.152073,18.801203,16.479996,28.627857,24.273277,20.193487,27.356134,17.099705,57.905506,63.412277,74.946404,64.888702,29.963469,31.509293,normal,7.0,c,3
2026-08-29T16:09:46.242,AMAN_007,220,23.224098,57.820244,62.221321,0.0,25.32258,22.979248,12.874997,17.578508,19.649796,13.462325,27.356134,15.848506,57.905506,60.875786,66.176079,62.571247,27.517471,28.808496,normal,7.0,d,3
2026-08-29T16:10:14.616,AMAN_007,221,19.90637,48.4944,59.393078,0.0,23.152073,20.193886,15.449996,22.600939,20.805666,13.462325,20.263803,17.099705,53.99297,56.6483,66.176079,60.253796,28.740471,28.808496,normal,8.0,e,3
2026-08-29T16:10:57.909,AMAN_007,222,15.75921,32.640461,72.591545,0.0,23.152073,17.408522,16.479996,24.10767,21.961536,14.724418,25.329754,17.099705,49.297932,51.575317,64.581474,57.93634,28.128971,27.007965,normal,7.0,f,3
2026-08-29T16:11:30.440,AMAN_007,223,25.712395,57.820244,70.706047,0.0,26.769585,20.193886,16.479996,22.098696,23.117407,16.827906,22.290184,17.516769,55.557983,58.339294,66.973381,60.253796,28.128971,27.007965,normal,7.0,g,3
2026-08-29T16:11:50.262,AMAN_007,224,26.541826,55.955074,79.190773,0.0,25.32258,19.497543,15.964996,22.600939,23.117407,14.30372,21.276993,17.933836,56.340492,58.339294,68.567986,61.412521,28.740471,29.708761,normal,7.0,h,3
2026-08-29T16:12:49.813,AMAN_008,225,19.076937,41.966305,54.679344,0.0,23.152073,18.801203,17.509996,25.614399,21.961536,15.986511,25.329754,17.516769,52.427956,55.802803,66.973381,60.253796,28.128971,27.908232,normal,8.0,a,3
2026-08-29T16:13:05.360,AMAN_008,226,16.588642,38.23597,53.736595,0.0,20.981565,16.712181,16.994995,24.609913,20.805666,16.827906,24.316565,16.265572,49.297932,52.420815,63.784176,57.93634,26.905972,26.1077,normal,7.5,b,3
2026-08-29T16:13:38.019,AMAN_008,227,30.688986,57.820244,55.622089,0.0,23.875576,19.497543,15.449996,21.09421,20.805666,12.62093,25.329754,15.43144,56.340492,59.184792,63.784176,59.095066,26.905972,27.908232,normal,7.5,c,3
2026-08-29T16:14:09.569,AMAN_008,228,19.90637,41.033722,51.851101,0.0,20.981565,17.408522,14.934997,21.09421,19.649796,19.352093,24.316565,15.014374,49.297932,52.420815,59.797665,55.618889,25.682974,27.007965,normal,7.5,d,3
2026-08-29T16:14:33.412,AMAN_008,229,26.541826,51.292152,56.564838,0.0,23.152073,19.497543,14.419996,19.085238,19.649796,12.62093,18.237423,15.43144,53.99297,55.802803,60.594967,56.777615,26.294474,27.007965,normal,7.5,e,3
2026-08-29T16:14:57.446,AMAN_008,230,38.153873,57.820244,55.622089,34.730797,24.599077,19.497543,13.389997,17.578508,18.493925,10.938139,24.316565,15.014374,55.557983,56.6483,59.000362,55.618889,26.294474,27.908232,normal,7.5,f,3
2026-08-29T16:15:20.518,AMAN_008,231,33.177284,58.752831,60.88335827,0.0,24.599077,18.801203,13.904997,18.080751,18.493925,11.358837,24.316565,15.014374,52.427956,54.111809,59.000362,55.618889,25.682974,26.1077,normal,7.5,g,3
2026-08-29T16:15:50.174,AMAN_008,232,20.735802,43.831474,59.393078,0.0,22.42857,18.104862,13.904997,17.578508,18.493925,12.62093,19.250612,15.848506,50.862942,53.266312,59.000362,55.618889,26.294474,26.1077,normal,7.5,h,3
2026-08-29T16:16:31.549,AMAN_009,233,21.565233,48.4944,58.450333,0.0,23.875576,18.104862,16.479996,22.600939,23.117407,12.62093,20.263803,16.682638,53.99297,59.184792,68.567986,62.571247,27.517471,26.1077,normal,7.0,a,3
2026-08-29T16:16:57.721,AMAN_009,234,37.324444,64.348335,66.935059,0.0,28.216589,22.282907,14.419996,20.089724,24.273277,14.30372,33.435276,19.185034,75.120659,78.631226,78.932915,74.158516,34.243965,38.711418,normal,7.0,b,3
2026-08-29T16:17:22.465,AMAN_009,235,53.083652,79.269691,68.820549,0.0,29.663593,21.586567,13.904997,19.085238,23.117407,13.041628,32.422085,17.933836,75.90316,77.785728,77.33831,71.841064,31.797968,39.611683,normal,6.5,c,3
2026-08-29T16:17:42.070,AMAN_009,236,45.618763,73.674179,65.049561,0.0,28.940092,20.890226,15.964996,22.600939,24.273277,13.041628,30.395704,17.099705,71.208122,76.094734,77.33831,69.523605,31.797968,36.01062,normal,6.5,d,3
2026-08-29T16:17:57.435,AMAN_009,237,23.224098,48.4944,57.507584,0.0,24.599077,20.193886,17.509996,25.112156,23.117407,14.30372,29.382515,18.350903,66.513077,71.867249,78.932915,71.841064,33.632465,35.110355,normal,7.0,e,3
2026-08-29T16:18:21.987,AMAN_009,238,18.247505,38.23597,56.564838,0.0,22.42857,17.408522,17.509996,25.614399,23.117407,15.565813,27.356134,17.933836,55.557983,60.030289,72.554497,63.729973,29.351971,29.708761,normal,7.0,f,3
2026-08-29T16:18:41.045,AMAN_009,239,16.588642,31.707876,54.679344,0.0,23.152073,16.712181,20.599995,32.645802,27.740889,20.193487,27.356134,19.6021,54.775478,59.184792,78.135612,68.364883,31.797968,29.708761,normal,6.5,g,3
2026-08-29T16:19:00.559,AMAN_009,240,16.588642,34.50563,62.221321,40.214607,23.152073,18.104862,19.054995,28.125614,25.429148,15.986511,28.369324,20.019165,57.905506,61.721283,78.135612,70.682335,33.020966,30.609028,normal,6.5,h,3
2026-08-29T16:19:37.102,AMAN_010,241,24.05353,55.955074,59.88393078,0.0,25.32258,20.890226,16.479996,24.609913,20.805666,14.30372,21.276993,18.350903,64.948067,70.176254,78.135612,72.999786,33.632465,35.110355,normal,7.0,a,3
2026-08-29T16:20:18.746,AMAN_010,242,35.665581,74.606766,70.70886047,0.0,29.663593,25.068272,15.449996,21.596453,23.117407,13.041628,31.408895,17.933836,73.555641,76.094734,75.743706,70.682335,33.632465,37.811153,normal,7.0,b,3
2026-08-29T16:20:46.208,AMAN_010,243,43.130466,77.404518,81.076271,0.0,33.281105,26.460953,16.994995,25.614399,27.740889,24.400465,37.488037,20.436232,80.598206,86.240692,83.716728,76.475967,37.91296,43.212746,normal,7.0,c,3
2026-08-29T16:22:17.585,AMAN_010,244,21.565233,46.62923,74.47887036,0.0,27.493086,21.586567,19.569996,31.139072,25.429148,21.45558,30.395704,20.436232,61.818039,65.948769,80.527519,72.999786,36.078465,36.01062,normal,7.0,d,3
2026-08-29T16:22:35.215,AMAN_010,245,22.394667,48.4944,63.16407,0.0,24.599077,20.890226,18.024996,27.121128,23.117407,15.145116,22.290184,20.019165,61.035534,65.103271,77.33831,70.682335,34.243965,34.210091,normal,7.0,e,3
2026-08-29T16:22:48.490,AMAN_010,246,27.371258,39.168552,63.1688407,38.386669,23.152073,18.104862,17.509996,27.623371,21.961536,19.352093,26.342943,19.185034,57.905506,61.721283,77.33831,70.682335,34.855465,41.412212,normal,7.0,f,3
2026-08-29T16:24:28.902,AMAN_011,247,54.742516,83.000031,82.01889012,0.0,36.175114,28.549974,18.024996,25.112156,26.585018,15.565813,36.474846,22.104496,84.510735,92.159172,87.703239,82.2696,36.078465,37.811153,normal,7.5,a,3
2026-08-29T16:24:49.211,AMAN_011,248,97.043549,99.786552,99.931213,0.0,44.13364,32.031681,15.449996,22.600939,26.585018,23.559069,37.488037,22.104496,103.290901,103.150635,94.081657,88.06324,44.639454,65.719383,normal,7.0,b,3
2026-08-29T16:25:03.311,AMAN_011,249,159.250961,151.078705,106.530441,0.0,50.645161,31.335339,15.449996,35.157017,31.208498,58.897671,39.514416,22.938627,106.420929,107.37812,99.662773,90.380692,46.473953,64.819115,normal,7.0,c,3
2026-08-29T16:25:26.619,AMAN_011,250,253.806213,193.045013,125.385391,0.0,70.903221,46.654839,16.994995,28.125614,46.234814,31.131626,56.738647,28.77755,199.539246,156.416946,130.757553,114.713951,59.926937,129.638229,normal,7.5,d,3
2026-08-29T16:25:54.577,AMAN_011,251,47.27763,80.202271,85.790001,0.0,34.728111,28.549974,16.479996,24.609913,27.740889,21.034883,35.461655,21.270363,79.033188,80.32222,81.324821,76.475967,36.078465,42.312481,normal,7.5,e,3
2026-08-29T16:26:16.332,AMAN_011,252,40.64217,63.415752,79.190773,43.87048,33.281105,28.549974,18.539995,27.623371,26.585018,17.248604,36.474846,22.104496,81.380707,85.395195,87.703239,79.952148,38.52446,44.11301,normal,7.0,f,3
2026-08-29T16:27:12.243,AMAN_011,253,143.491745,56.887661,76.362534,0.0,35.451611,22.979248,18.539995,29.1301,25.429148,37.862789,29.382515,20.019165,63.383053,62.56678,76.541008,68.364883,35.466965,70.220711,normal,6.5,g,3
2026-08-29T16:28:10.057,AMAN_011,254,20.735802,35.438213,73.534286,0.0,26.769585,20.890226,21.114994,33.148045,32.364368,24.400465,34.448463,22.104496,57.122997,60.030289,75.743706,68.364883,31.797968,30.609028,normal,7.0,h,3
2026-08-29T16:29:36.094,AMAN_012,255,21.565233,48.4944,67.877808,0.0,25.32258,22.282907,16.479996,24.10767,21.961536,13.883022,22.290184,16.682638,59.47052,63.412277,70.16259,63.729973,29.963469,31.509293,normal,8.0,a,3
2026-08-29T16:30:15.837,AMAN_012,256,26.541826,60.617996,75.419785,0.0,28.940092,23.675589,14.934997,21.09421,24.273277,13.462325,31.408895,18.350903,64.165558,67.639763,70.959892,66.047432,31.797968,34.210091,normal,7.5,b,3
2026-08-29T16:30:34.838,AMAN_012,257,49.765923,84.865196,82.019012,38.386669,31.110598,22.282907,13.389997,19.587481,20.805666,13.462325,31.408895,18.350903,73.555641,78.631226,78.135612,71.841064,34.855465,39.611683,normal,7.5,c,3
2026-08-29T16:30:49.430,AMAN_012,258,50.595356,87.662949,85.790001,37.472702,34.004608,27.853634,14.419996,21.09421,25.429148,13.883022,37.488037,19.6021,91.553299,99.768646,86.905937,81.110878,39.747459,48.614338,normal,8.0,d,3
2026-08-29T16:31:03.899,AMAN_012,259,34.836147,63.415752,81.076271,0.0,27.493086,21.586567,13.904997,19.587481,20.805666,13.041628,32.422085,18.767967,71.990631,78.631226,78.932915,72.999786,36.078465,39.611683,normal,8.0,e,3
2026-08-29T16:31:15.643,AMAN_012,260,24.882961,41.966305,67.877808,0.0,25.32258,20.193886,16.479996,23.605425,20.805666,13.883022,30.395704,20.019165,59.47052,64.257774,77.33831,72.999786,34.243965,33.309826,normal,7.5,f,3
2026-08-29T16:31:27.603,AMAN_012,261,18.247505,38.23597,71.648796,0.0,21.705069,16.015841,14.419996,21.09421,18.493925,12.200233,24.316565,17.099705,53.210464,56.6483,69.365288,63.729973,31.186468,30.609028,normal,7.5,g,3
2026-08-29T16:31:43.117,AMAN_012,262,16.588642,32.640461,64.106819,0.0,21.705069,18.104862,16.479996,24.609913,19.649796,14.724418,24.316565,17.099705,53.210464,57.493797,70.16259,63.729973,31.186468,29.708761,normal,8.0,h,3
2026-08-29T16:32:27.831,AMAN_013,263,23.224098,48.4944,59.393078,0.0,25.32258,21.586567,18.024996,29.632343,23.117407,19.772791,22.290184,19.6021,63.383053,67.639763,78.932915,71.841064,35.466965,36.910885,normal,7.0,a,3
2026-08-29T16:32:45.109,AMAN_013,264,19.076937,40.101135,58.450333,0.0,22.42857,18.104862,16.479996,27.121128,21.961536,17.669302,26.342943,17.933836,54.775478,59.184792,72.554497,66.047432,32.409466,33.309826,normal,7.0,b,3
2026-08-29T16:33:01.915,AMAN_013,265,22.394667,44.764061,65.99231,0.0,23.875576,18.801203,18.024996,30.134586,24.273277,20.614185,29.382515,18.767967,57.905506,64.257774,82.122124,74.158516,35.466965,37.811153,normal,6.5,c,3
2026-08-29T16:33:18.142,AMAN_013,266,19.076937,38.23597,59.393078,0.0,23.875576,18.801203,18.539995,49.722069,26.585018,51.325115,27.356134,19.6021,59.47052,63.412277,82.122124,71.841064,36.078465,36.01062,normal,7.0,d,3
2026-08-29T16:33:39.928,AMAN_013,267,21.565233,42.898891,74.477036,42.042542,27.493086,20.193886,22.144995,56.753471,33.520241,72.360001,31.408895,22.521561,67.295586,68.48526,90.892448,76.475967,40.970459,41.412212,normal,7.0,e,3
2026-08-29T16:33:53.412,AMAN_013,268,21.565233,32.640461,82.961761,0.0,31.834101,21.586567,29.869993,104.968811,61.261127,162.809998,42.553986,32.114079,81.380707,84.549698,118.798027,92.698143,51.977448,52.215401,normal,6.5,f,3
2026-08-29T16:34:09.230,AMAN_013,269,19.076937,27.044952,71.648796,0.0,26.046082,18.104862,25.234993,65.291603,36.98785,87.925812,31.408895,25.023956,62.600548,65.103271,91.689751,75.317245,40.970459,39.611683,normal,6.5,g,3
2026-08-29T16:34:43.847,AMAN_013,270,19.076937,37.303383,64.106819,0.0,25.32258,19.497543,22.144995,48.21534,31.208498,45.435349,30.395704,22.104496,61.818039,66.794266,88.500542,75.317245,37.91296,36.910885,normal,6.5,h,3
2026-08-29T16:35:51.281,AMAN_014,271,19.076937,30.775291,57.507584,0.0,21.705069,18.104862,16.994995,24.609913,23.117407,14.30372,27.356134,19.6021,57.122997,61.721283,73.351799,66.047432,31.797968,31.509293,normal,7.0,a,3
2026-08-29T16:36:13.342,AMAN_014,272,19.90637,37.303383,65.99231,0.0,21.705069,17.408522,14.419996,19.085238,19.649796,12.200233,24.316565,16.265572,50.862942,54.957306,65.378777,60.253796,28.128971,28.808496,normal,7.5,b,3
2026-08-29T16:36:39.007,AMAN_014,273,16.588642,29.842707,59.393078,0.0,20.258064,16.712181,15.964996,23.103182,19.649796,12.200233,24.316565,17.099705,53.210464,58.339294,70.16259,66.047432,29.963469,29.708761,normal,7.5,c,3
2026-08-29T16:36:54.455,AMAN_014,274,17.418074,35.438213,58.450333,0.0,20.981565,18.104862,14.934997,21.09421,18.493925,11.779534,19.250612,17.099705,56.340492,63.412277,71.757195,67.206154,32.409466,31.509293,normal,7.5,d,3
2026-08-29T16:37:30.261,AMAN_014,275,15.75921,26.112368,56.564838,0.0,20.981565,17.408522,18.539995,30.134586,21.961536,23.979767,26.342943,19.185034,54.775478,59.184792,73.351799,67.206154,34.855465,33.309826,normal,7.0,e,3
2026-08-29T16:37:48.247,AMAN_014,276,17.418074,23.314615,70.706047,0.0,20.981565,15.319499,16.479996,24.609913,20.805666,15.565813,27.356134,18.767967,49.297932,53.266312,69.365288,67.206154,32.409466,31.509293,normal,7.0,f,3
2026-08-29T16:38:04.887,AMAN_014,277,14.929777,25.179783,60.335827,0.0,20.981565,16.712181,16.994995,25.614399,19.649796,14.30372,19.250612,18.350903,50.080437,54.111809,69.365288,62.571247,31.186468,28.808496,normal,7.5,g,3
2026-08-29T16:38:16.828,AMAN_014,278,16.588642,27.977537,64.106819,0.0,21.705069,17.408522,16.994995,23.605425,19.649796,13.883022,19.250612,18.767967,54.775478,59.184792,70.16259,64.888702,32.409466,30.609028,normal,7.5,h,3
2026-08-29T16:38:59.019,AMAN_015,279,20.735802,42.898891,60.335827,0.0,25.32258,19.497543,20.084995,35.157017,27.740889,27.345348,29.382515,20.853298,64.165558,71.021751,90.095146,79.952148,37.30146,36.01062,normal,8.0,a,3
2026-08-29T16:39:16.692,AMAN_015,280,28.200691,54.089905,63.16407,0.0,26.046082,20.193886,14.934997,23.605425,19.649796,13.462325,21.276993,16.682638,63.383053,67.639763,69.365288,64.888702,33.632465,39.611683,normal,8.0,b,3
2026-08-29T16:39:28.744,AMAN_015,281,47.27763,37.303383,58.450333,0.0,20.258064,16.015841,12.359997,20.591967,19.649796,38.704185,25.329754,15.848506,57.905506,57.493797,66.973381,63.729973,29.963469,56.716728,normal,7.5,c,3
2026-08-29T16:40:05.704,AMAN_015,282,70.501724,92.325874,80.133522,0.0,32.557602,22.282907,13.904997,20.591967,19.649796,12.62093,30.395704,17.099705,68.078094,73.558243,75.743706,72.999786,34.855465,41.412212,normal,7.5,d,3
2026-08-29T16:40:19.012,AMAN_015,283,24.05353,43.831474,58.450333,0.0,20.981565,18.801203,13.904997,20.591967,18.493925,12.62093,28.369324,17.516769,61.818039,72.712746,80.527519,79.952148,36.68996,38.711418,normal,7.5,e,3
2026-08-29T16:41:07.924,AMAN_015,284,17.418074,30.775291,48.080112,0.0,17.364056,13.926817,13.904997,21.596453,16.182184,12.200233,17.224232,15.43144,46.950409,54.957306,70.16259,67.206154,30.574968,30.609028,normal,7.5,f,3
2026-08-29T16:41:23.558,AMAN_015,285,35.665581,36.3708,52.79385,0.0,21.705069,16.712181,15.964996,25.112156,20.805666,24.821161,24.316565,16.265572,52.427956,58.339294,72.554497,64.888702,31.186468,37.811153,normal,7.5,g,3
2026-08-29T16:41:40.687,AMAN_015,286,16.588642,27.044952,49.965607,0.0,22.42857,16.712181,25.749994,92.91497,34.676109,104.753716,27.356134,22.521561,62.600548,66.794266,93.284355,78.793427,41.581959,39.611683,normal,8.0,h,3
2026-08-29T16:42:41.738,AMAN_016,287,28.200691,55.955074,64.106819,0.0,24.599077,20.890226,11.844997,15.569536,18.493925,10.517442,28.369324,15.43144,59.47052,65.103271,66.176079,64.888702,29.351971,32.409557,normal,7.0,a,3
2026-08-29T16:43:10.807,AMAN_016,288,19.90637,41.033722,63.16407,0.0,23.152073,18.801203,15.449996,21.596453,19.649796,11.779534,21.276993,17.099705,54.775478,61.721283,70.16259,67.206154,31.186468,31.509293,normal,7.0,b,3
2026-08-29T16:43:35.551,AMAN_016,289,16.588642,30.775291,75.419785,53.010162,21.705069,18.104862,15.449996,18.582994,16.182184,12.200233,26.342943,16.265572,49.297932,56.6483,70.16259,68.364883,29.351971,27.007965,normal,6.5,c,3
2026-08-29T16:44:10.120,AMAN_016,290,14.100346,24.2472,64.106819,0.0,20.981565,16.712181,40.68499,42.188419,18.493925,15.145116,25.329754,17.933836,46.167904,54.111809,74.946404,69.523605,30.574968,26.1077,normal,6.5,d,3
2026-08-29T16:44:22.671,AMAN_016,291,15.75921,25.179783,65.99231,0.0,23.152073,17.408522,69.524979,81.36338,26.585018,34.497208,26.342943,22.521561,51.645451,59.184792,86.108635,76.475967,42.193455,33.309826,normal,7.0,e,3
2026-08-29T16:45:01.421,AMAN_016,292,14.929777,24.2472,62.221321,0.0,20.258064,13.926817,51.499989,53.23777,17.338055,18.09,24.316565,17.933836,46.167904,54.111809,76.541008,70.682335,31.797968,27.007965,normal,6.5,f,3
2026-08-29T16:45:34.181,AMAN_016,293,14.929777,25.179783,62.221321,0.0,25.32258,16.015841,100.424973,115.515915,55.481777,47.118137,20.263803,32.948212,52.427956,60.030289,123.581841,81.110878,56.257942,33.309826,normal,6.5,g,3
2026-08-29T16:45:51.100,AMAN_016,294,19.076937,26.112368,61.278576,0.0,42.686634,17.408522,174.584961,224.50267,175.692291,119.478134,32.422085,90.503311,91.553299,83.704201,331.677704,120.507591,149.205841,85.525223,normal,7.0,h,3
2026-08-29T16:47:02.948,AMAN_017,295,24.05353,56.887661,80.133522,45.698418,27.493086,20.890226,18.539995,29.632343,24.273277,21.876278,29.382515,19.6021,59.47052,62.56678,76.541008,70.682335,31.797968,32.409557,normal,7.0,a,3
2026-08-29T16:47:29.470,AMAN_017,296,73.819458,108.17981,87.675499,0.0,39.792625,28.549974,19.569996,28.125614,32.364368,17.669302,39.514416,22.938627,91.553299,92.159172,94.081657,84.587059,40.358959,50.414867,normal,7.0,b,3
2026-08-29T16:47:48.612,AMAN_017,297,24.882961,63.415752,69.763298,0.0,26.769585,24.371929,15.964996,21.596453,20.805666,13.462325,28.369324,17.516769,63.383053,65.948769,70.959892,66.047432,31.797968,34.210091,normal,7.0,c,3
2026-08-29T16:48:12.063,AMAN_017,298,28.200691,58.752831,65.99231,0.0,26.769585,22.979248,15.964996,23.103182,21.961536,19.352093,23.303373,17.933836,68.860603,73.558243,78.135612,71.841064,33.020966,37.811153,normal,7.0,d,3
2026-08-29T16:49:00.896,AMAN_017,299,18.247505,31.707876,64.106819,0.0,22.42857,17.408522,20.084995,47.21085,24.273277,48.80093,26.342943,19.6021,56.340492,60.030289,78.932915,70.682335,34.855465,33.309826,normal,7.0,e,3
2026-08-29T16:49:16.147,AMAN_017,300,22.394667,41.966305,58.450333,0.0,30.387096,20.890226,32.959991,87.89254,50.858295,121.160927,26.342943,32.531143,80.598206,77.785728,118.798027,95.015602,57.480942,55.816463,normal,7.0,f,3
2026-08-29T16:49:36.067,AMAN_017,301,19.076937,25.179783,62.221321,0.0,23.152073,17.408522,22.659994,53.740013,28.896757,63.525345,21.276993,24.189825,63.383053,64.257774,90.095146,76.475967,42.193455,39.611683,normal,7.0,g,3
2026-08-29T16:49:48.461,AMAN_017,302,14.929777,18.651691,76.362534,0.0,20.981565,16.015841,25.234993,42.188419,30.052628,26.083256,26.342943,21.687429,54.775478,56.6483,76.541008,64.888702,37.30146,35.110355,normal,7.0,h,3
2026-08-29T16:50:35.756,BOSOK_022,303,58.889675,98.853966,72.591545,0.0,34.728111,27.157293,14.934997,20.089724,24.273277,14.30372,32.422085,17.516769,76.685669,74.40374,70.959892,62.571247,29.963469,36.910885,anomali,6.0,a,3
2026-08-29T16:50:51.140,BOSOK_022,304,24.05353,60.617996,65.049561,0.0,25.32258,19.497543,14.419996,21.09421,19.649796,15.986511,20.263803,16.265572,59.47052,60.030289,66.973381,59.095066,28.128971,30.609028,anomali,6.0,b,3
2026-08-29T16:51:08.793,BOSOK_022,305,20.735802,47.561813,69.763298,0.0,24.599077,19.497543,15.964996,22.600939,20.805666,13.462325,19.250612,15.848506,51.645451,53.266312,65.378777,56.777615,26.905972,27.007965,anomali,6.5,c,3
2026-08-29T16:51:23.753,BOSOK_022,306,19.076937,46.62923,63.16407,0.0,28.216589,19.497543,25.234993,71.820763,39.299591,79.932556,23.303373,22.104496,61.818039,62.56678,88.500542,71.841064,36.078465,35.110355,anomali,6.5,d,3
2026-08-29T16:51:40.170,BOSOK_022,307,14.929777,23.314615,63.16407,0.0,23.875576,16.015841,26.264994,58.260201,38.143719,66.47023,21.276993,25.023956,61.035534,60.875786,97.270866,74.158516,39.13596,35.110355,anomali,6.5,e,3
2026-08-29T16:54:42.086,BOSOK_022,308,16.588642,27.977537,71.648796,0.0,26.046082,18.104862,22.144995,34.654774,25.429148,21.45558,22.290184,23.355694,57.122997,60.030289,79.730217,71.841064,37.30146,35.110355,anomali,6.5,f,3
2026-08-29T16:55:00.223,BOSOK_022,309,21.565233,45.696644,77.305275,0.0,26.769585,19.497543,22.144995,33.148045,24.273277,20.193487,30.395704,24.189825,62.600548,65.948769,82.919426,78.793427,39.13596,37.811153,anomali,7.0,g,3
2026-08-29T16:55:19.685,BOSOK_022,310,29.030123,49.426983,70.706047,0.0,28.940092,25.764612,22.659994,33.148045,34.676109,22.296976,54.712269,31.279945,88.423271,94.695663,110.027702,113.555229,45.862453,45.91354,anomali,6.0,h,3
2026-09-03T19:36:06.779,BOSOK_023,311,23.224098,45.696644,53.736595,0.0,20.981565,16.712181,12.874997,16.071779,16.182184,12.200233,25.329754,17.933836,47.732918,52.420815,62.189571,62.571247,27.517471,26.1077,anomali,7.0,a,3
2026-09-03T19:36:40.372,BOSOK_023,312,29.030123,54.089905,65.99231,0.0,24.599077,18.801203,13.904997,16.574022,17.338055,12.62093,32.422085,19.6021,53.99297,58.339294,70.959892,68.364883,30.574968,27.908232,anomali,7.0,b,3
2026-09-03T19:37:22.041,BOSOK_023,313,50.595356,82.067444,89.560989,0.0,27.493086,18.801203,13.389997,16.574022,18.493925,12.62093,23.303373,19.185034,63.383053,67.639763,74.946404,72.999786,31.797968,31.509293,anomali,7.0,c,3
2026-09-03T19:37:37.637,BOSOK_023,314,151.786072,201.438263,210.232651,0.0,73.07373,39.691429,11.844997,17.578508,27.740889,16.407209,43.567177,20.019165,115.028503,111.605606,94.87896,86.90451,39.747459,77.422836,anomali,7.0,d,3
2026-09-03T19:37:56.310,BOSOK_023,315,23.224098,49.426983,71.648796,0.0,22.42857,17.408522,13.389997,17.578508,17.338055,13.041628,21.276993,17.099705,50.080437,57.493797,67.770683,68.364883,29.351971,28.808496,anomali,7.0,e,3
2026-09-03T19:38:26.082,BOSOK_023,316,15.75921,37.303383,60.335827,0.0,20.258064,16.015841,16.479996,20.089724,18.493925,14.30372,27.356134,19.6021,46.950409,51.575317,64.581474,64.888702,28.740471,26.1077,anomali,7.0,f,3
2026-09-03T19:38:35.957,BOSOK_023,317,15.75921,36.3708,56.564838,0.0,19.534561,16.015841,17.509996,22.098696,18.493925,15.565813,27.356134,20.436232,47.732918,52.420815,64.581474,64.888702,29.351971,27.007965,anomali,7.0,g,3
2026-09-03T19:38:52.848,BOSOK_023,318,11.612049,24.2472,52.79385,0.0,16.640553,13.230476,19.569996,25.614399,18.493925,16.407209,27.356134,22.104496,47.732918,51.575317,65.378777,66.047432,31.797968,27.908232,anomali,7.0,h,3
2026-09-03T19:39:43.333,BOSOK_024,319,27.371258,53.157322,131.984619,0.0,39.792625,32.72802,27.809994,44.197392,17.338055,39.966278,22.290184,20.019165,93.118309,91.313675,70.16259,66.047432,61.761436,73.82177,anomali,9.0,a,3
2026-09-03T19:40:34.523,BOSOK_024,320,63.036839,81.134857,156.496048,0.0,87.543777,43.869473,28.839993,36.663746,38.143719,34.497208,21.276993,20.019165,161.978912,97.232155,77.33831,66.047432,89.890404,105.331062,anomali,8.0,b,3
2026-09-03T19:40:45.871,BOSOK_024,321,19.076937,36.3708,95.217476,60.321911,25.32258,18.104862,48.409988,50.726555,27.740889,20.614185,24.316565,26.692221,57.905506,62.56678,85.311333,76.475967,37.91296,34.210091,anomali,8.0,c,3
2026-09-03T19:41:20.636,BOSOK_024,322,15.75921,35.438213,60.335827,0.0,20.981565,15.319499,17.509996,31.641315,19.649796,15.145116,23.303373,16.682638,46.167904,51.575317,63.784176,62.571247,26.905972,26.1077,anomali,7.0,d,3
2026-09-03T19:41:42.473,BOSOK_024,323,19.076937,27.044952,49.022858,0.0,15.91705,13.230476,14.419996,18.080751,16.182184,10.938139,24.316565,15.014374,39.907848,44.81134,56.608456,57.93634,25.071474,25.207434,anomali,7.0,e,3
2026-09-03T19:41:56.486,BOSOK_024,324,23.224098,41.966305,67.877808,0.0,24.599077,19.497543,16.479996,58.762444,23.117407,74.884186,23.303373,20.853298,59.47052,63.412277,77.33831,76.475967,34.855465,45.013275,anomali,7.5,f,3
2026-09-03T19:42:19.909,BOSOK_024,325,29.859554,56.887661,101.816711,0.0,26.046082,18.104862,19.054995,29.632343,21.961536,15.986511,28.369324,17.933836,64.165558,67.639763,72.554497,70.682335,31.797968,42.312481,anomali,7.0,g,3
2026-09-03T19:42:34.174,BOSOK_024,326,24.882961,47.561813,88.618248,0.0,22.42857,16.015841,13.904997,19.085238,18.493925,11.779534,28.369324,16.682638,57.905506,61.721283,66.176079,64.888702,28.128971,35.110355,anomali,7.5,h,3
2026-09-03T19:43:43.231,BOSOK_025,327,37.324444,69.94384,108.415939,0.0,31.110598,22.282907,13.389997,18.582994,20.805666,13.462325,28.369324,16.265572,96.248337,87.931686,76.541008,76.475967,33.632465,54.916195,anomali,7.0,a,3
2026-09-03T19:44:05.933,BOSOK_025,328,60.548542,89.528122,115.957916,0.0,39.069122,22.979248,11.329997,15.569536,17.338055,12.62093,20.263803,16.682638,105.63842,89.622681,86.905937,81.110878,39.13596,67.519913,anomali,7.0,b,3
2026-09-03T19:44:37.932,BOSOK_025,329,22.394667,45.696644,83.90451,0.0,20.258064,15.319499,10.814998,14.56505,16.182184,11.358837,16.211042,12.929045,53.99297,56.6483,59.000362,56.777615,26.294474,35.110355,anomali,6.5,c,3
2026-09-03T19:44:53.130,BOSOK_025,330,26.541826,41.033722,82.019012,0.0,18.81106,13.926817,9.784998,25.614399,17.338055,46.276741,15.197852,11.677847,44.60289,51.575317,55.013851,55.618889,24.459974,39.611683,anomali,6.5,d,3
2026-09-03T19:45:07.815,BOSOK_025,331,35.665581,42.898891,80.133522,0.0,24.599077,19.497543,20.599995,72.323006,38.143719,134.20256,30.395704,25.858089,68.860603,77.785728,87.703239,86.90451,37.91296,76.522568,anomali,6.5,e,3
2026-09-03T19:45:21.048,BOSOK_025,332,19.076937,36.3708,65.99231,0.0,20.258064,16.015841,13.904997,17.578508,18.493925,10.938139,24.316565,15.014374,50.080437,61.721283,68.567986,67.206154,28.740471,28.808496,anomali,7.0,f,3
2026-09-03T19:45:33.584,BOSOK_025,333,15.75921,29.842707,66.935059,0.0,18.81106,13.230476,14.934997,19.085238,17.338055,10.517442,23.303373,13.34611,41.472862,51.575317,60.594967,59.095066,25.682974,30.609028,anomali,6.5,g,3
2026-09-03T19:45:54.005,BOSOK_025,334,30.688986,29.842707,61.278576,0.0,25.32258,12.534136,14.419996,152.179657,21.961536,167.437668,22.290184,15.43144,46.167904,43.965843,55.811153,54.460159,67.264931,137.740631,anomali,7.0,h,3
2026-09-03T19:46:37.609,BOSOK_026,335,12.441481,26.112368,40.538136,0.0,15.193548,12.534136,12.359997,17.578508,16.182184,13.462325,16.211042,13.763176,42.255367,51.575317,63.784176,61.412521,25.682974,24.307169,anomali,6.0,a,3
2026-09-03T19:47:08.984,BOSOK_026,336,12.441481,26.112368,44.309124,0.0,15.193548,12.534136,12.874997,18.080751,17.338055,10.096744,23.303373,15.43144,43.820381,51.575317,66.973381,63.729973,26.294474,24.307169,anomali,6.0,b,3
2026-09-03T19:47:17.026,BOSOK_026,337,12.441481,22.38203,42.42363,0.0,15.193548,11.837794,14.419996,21.09421,18.493925,12.62093,19.250612,16.682638,41.472862,49.884323,66.973381,64.888702,28.740471,27.007965,anomali,6.0,c,3
2026-09-03T19:47:24.866,BOSOK_026,338,12.441481,26.112368,42.42363,0.0,14.470046,11.837794,12.359997,17.578508,18.493925,11.358837,27.356134,16.265572,42.255367,50.72982,65.378777,62.571247,26.294474,24.307169,anomali,6.0,d,3
2026-09-03T19:47:32.876,BOSOK_026,339,12.441481,25.179783,37.709892,0.0,13.746543,11.837794,10.814998,14.56505,16.182184,11.358837,26.342943,15.43144,42.255367,49.884323,62.189571,62.571247,25.682974,24.307169,anomali,6.0,e,3
2026-09-03T19:47:39.575,BOSOK_026,340,14.929777,31.707876,46.194618,0.0,16.640553,13.926817,10.814998,14.56505,16.182184,10.517442,26.342943,15.43144,48.515423,56.6483,66.176079,67.206154,26.294474,25.207434,anomali,6.0,f,3
2026-09-03T19:48:06.246,BOSOK_026,341,148.468338,109.112396,65.99231,0.0,39.069122,22.282907,11.329997,15.569536,19.649796,11.779534,28.369324,16.265572,68.078094,74.40374,77.33831,74.158516,31.797968,34.210091,anomali,6.0,g,3
2026-09-03T19:48:48.581,BOSOK_026,342,12.441481,26.112368,41.480881,0.0,15.91705,12.534136,11.844997,16.071779,15.026314,10.517442,21.276993,14.180243,42.255367,50.72982,62.986874,63.729973,26.294474,25.207434,anomali,6.0,h,3
2026-09-03T19:49:29.775,BOSOK_027,343,44.789333,37.303383,41.480881,0.0,19.534561,13.926817,12.359997,17.076265,17.338055,11.779534,17.224232,15.43144,45.385395,52.420815,66.176079,64.888702,28.128971,27.908232,anomali,6.5,a,3
2026-09-03T19:49:44.364,BOSOK_027,344,156.762665,46.62923,68.820549,0.0,31.110598,19.497543,13.389997,19.587481,21.961536,12.62093,28.369324,16.265572,51.645451,57.493797,68.567986,66.047432,26.294474,28.808496,anomali,6.0,b,3
2026-09-03T19:49:57.450,BOSOK_027,345,41.471603,52.224735,65.049561,0.0,26.769585,18.104862,16.994995,25.614399,20.805666,15.565813,26.342943,17.933836,56.340492,63.412277,74.149101,71.841064,32.409466,31.509293,anomali,7.0,c,3
2026-09-03T19:50:12.952,BOSOK_027,346,12.441481,26.112368,48.080112,0.0,18.087557,14.623158,15.964996,24.10767,18.493925,18.510696,17.224232,17.933836,48.515423,55.802803,68.567986,64.888702,31.186468,28.808496,anomali,6.5,d,3
2026-09-03T19:50:27.834,BOSOK_027,347,19.90637,41.033722,59.393078,0.0,20.981565,16.015841,11.329997,15.067293,15.026314,10.938139,22.290184,14.180243,49.297932,61.721283,66.973381,67.206154,28.740471,27.908232,anomali,6.0,e,3
2026-09-03T19:50:42.787,BOSOK_027,348,16.588642,32.640461,56.564838,0.0,20.258064,16.712181,12.359997,16.574022,16.182184,10.938139,23.303373,14.180243,50.080437,60.875786,68.567986,68.364883,28.740471,27.908232,anomali,7.0,f,3
2026-09-03T19:50:56.676,BOSOK_027,349,39.81274,57.820244,65.99231,0.0,26.769585,18.801203,13.389997,17.076265,18.493925,11.779534,26.342943,16.265572,56.340492,67.639763,73.351799,72.999786,30.574968,29.708761,anomali,7.0,g,3
2026-09-03T19:51:09.370,BOSOK_027,350,34.836147,40.101135,48.080112,31.074923,20.258064,14.623158,11.844997,16.071779,17.338055,11.358837,24.316565,14.597308,48.515423,58.339294,65.378777,64.888702,28.128971,27.908232,anomali,6.0,h,3
2026-09-03T19:52:05.931,BOSOK_028,351,34.006714,52.224735,66.935059,0.0,28.216589,20.890226,21.629995,33.148045,27.740889,20.614185,32.422085,22.938627,70.425613,80.32222,92.487053,89.221962,40.358959,39.611683,anomali,6.5,a,3
2026-09-03T19:52:36.660,BOSOK_028,352,17.418074,38.23597,56.564838,0.0,20.981565,16.712181,14.934997,19.085238,19.649796,12.62093,19.250612,17.099705,52.427956,60.875786,70.959892,70.682335,29.351971,28.808496,anomali,6.0,b,3
2026-09-03T19:53:03.561,BOSOK_028,353,15.75921,35.438213,49.965607,0.0,18.81106,16.015841,13.389997,18.080751,17.338055,10.517442,18.237423,14.597308,50.862942,60.875786,69.365288,70.682335,28.128971,27.908232,anomali,6.0,c,3
2026-09-03T19:53:21.270,BOSOK_028,354,24.05353,47.561813,52.79385,31.988892,21.705069,18.104862,12.359997,16.574022,16.182184,10.096744,24.316565,15.014374,57.122997,65.948769,74.149101,74.158516,30.574968,30.609028,anomali,5.5,d,3
2026-09-03T19:53:36.304,BOSOK_028,355,19.076937,35.438213,50.908356,0.0,20.981565,16.712181,19.569996,31.641315,23.117407,18.09,26.342943,18.767967,55.557983,64.257774,82.122124,76.475967,34.855465,32.409557,anomali,6.0,e,3
2026-09-03T19:53:50.521,BOSOK_028,356,13.270913,29.842707,44.309124,0.0,17.364056,13.926817,15.449996,22.600939,17.338055,12.62093,23.303373,16.265572,46.950409,52.420815,63.784176,61.412521,28.740471,27.007965,anomali,6.0,f,3
2026-09-03T19:54:08.745,BOSOK_028,357,18.247505,35.438213,50.908356,0.0,21.705069,17.408522,16.479996,24.10767,21.961536,13.883022,30.395704,22.938627,75.120659,87.086189,103.649284,104.285416,42.193455,41.412212,anomali,5.5,g,3
2026-09-03T19:54:27.128,BOSOK_028,358,15.75921,35.438213,59.393078,0.0,19.534561,16.712181,13.904997,17.076265,18.493925,10.938139,20.263803,17.933836,52.427956,61.721283,77.33831,78.793427,29.963469,28.808496,anomali,6.0,h,3
2026-09-03T19:56:34.791,BOSOK_029,359,56.401382,80.202271,122.557152,0.0,51.36866,63.36702,78.794983,84.879082,159.510101,42.91116,190.479752,111.356606,179.976562,195.309814,208.893173,249.126266,72.768425,96.328407,anomali,6.5,a,3
2026-09-03T19:57:08.453,BOSOK_029,360,110.314468,129.629257,105.5877,0.0,36.175114,20.193886,9.269998,13.560564,18.493925,11.779534,29.382515,13.34611,70.425613,67.639763,66.176079,66.047432,29.963469,56.716728,anomali,6.5,b,3
2026-09-03T19:57:19.348,BOSOK_029,361,141.832886,161.337128,122.557152,0.0,49.198154,25.068272,11.844997,17.076265,23.117407,13.462325,25.329754,17.516769,92.335808,85.395195,82.919426,81.110878,35.466965,63.91885,anomali,6.5,c,3
2026-09-03T19:57:52.602,BOSOK_029,362,131.050262,150.146118,120.671654,0.0,45.580643,25.764612,11.844997,16.071779,23.117407,12.62093,31.408895,16.682638,97.030846,87.931686,81.324821,78.793427,34.855465,61.218056,anomali,6.5,d,3
2026-09-03T19:58:31.807,BOSOK_029,363,16.588642,37.303383,70.706047,0.0,19.534561,16.015841,11.844997,15.067293,16.182184,9.255348,17.224232,13.763176,47.732918,59.184792,62.189571,63.729973,25.682974,25.207434,anomali,6.5,e,3
2026-09-03T19:59:24.278,BOSOK_029,364,19.90637,41.966305,63.16407,31.074923,19.534561,14.623158,10.814998,13.560564,15.026314,9.255348,22.290184,12.511978,45.385395,54.957306,58.20306,60.253796,24.459974,24.307169,anomali,6.5,f,3
2026-09-03T19:59:35.730,BOSOK_029,365,41.471603,63.415752,74.477036,0.0,23.875576,17.408522,10.299997,13.560564,16.182184,9.676046,23.303373,13.34611,52.427956,60.875786,63.784176,64.888702,26.905972,29.708761,anomali,6.5,g,3
2026-09-03T20:00:17.957,BOSOK_029,366,25.712395,46.62923,61.278576,0.0,19.534561,14.623158,10.299997,12.556078,16.182184,9.255348,22.290184,11.677847,39.12534,45.656837,46.243526,46.349072,20.17948,21.606373,anomali,6.5,h,3
2026-09-03T20:02:24.606,BOSOK_030,367,10.782617,19.584276,43.366375,0.0,15.193548,11.141454,10.299997,13.560564,13.870444,9.255348,23.303373,17.933836,50.862942,61.721283,77.33831,68.364883,26.905972,23.406904,anomali,6.5,a,3
2026-09-03T20:03:04.595,BOSOK_030,368,13.270913,27.977537,47.137363,0.0,17.364056,13.230476,9.269998,12.053835,16.182184,10.938139,27.356134,15.848506,47.732918,58.339294,70.16259,63.729973,24.459974,22.506638,anomali,7.0,b,3
2026-09-03T20:03:45.681,BOSOK_030,369,10.782617,23.314615,39.595387,0.0,14.470046,12.534136,9.784998,12.053835,17.338055,10.938139,27.356134,17.099705,50.080437,60.875786,68.567986,64.888702,22.013977,20.706106,anomali,7.0,c,3
2026-09-03T20:04:28.120,BOSOK_030,370,11.612049,26.112368,39.595387,0.0,15.193548,14.623158,9.269998,12.053835,17.338055,10.096744,30.395704,18.350903,58.688011,71.021751,85.311333,74.158516,26.294474,23.406904,anomali,7.0,d,3
2026-09-03T20:05:11.738,BOSOK_030,371,9.953185,18.651691,43.366375,0.0,15.193548,11.141454,9.269998,12.053835,15.026314,10.096744,28.369324,19.6021,53.99297,66.794266,83.716728,67.206154,26.905972,22.506638,anomali,6.0,e,3
2026-09-03T20:06:19.398,BOSOK_030,372,7.464889,17.719107,35.824398,0.0,13.023041,9.748772,10.814998,14.062807,15.026314,10.096744,22.290184,13.763176,33.647793,36.356373,50.230038,44.03162,18.34498,15.304514,anomali,7.0,f,3
2026-09-03T20:07:03.474,BOSOK_030,373,9.123753,21.449446,42.42363,0.0,15.91705,11.837794,9.784998,12.556078,16.182184,10.938139,28.369324,15.848506,44.60289,51.575317,62.189571,57.93634,20.790979,18.00531,anomali,7.0,g,3
2026-09-03T20:07:48.974,BOSOK_030,374,8.294321,18.651691,36.767143,0.0,13.746543,11.141454,9.784998,12.053835,16.182184,10.096744,23.303373,15.43144,39.907848,44.81134,57.405758,47.507801,18.34498,15.304514,anomali,6.5,h,3
2026-09-03T20:09:29.524,BOSOK_031,375,9.123753,17.719107,55.622089,0.0,15.91705,10.445113,13.389997,18.582994,19.649796,13.041628,27.356134,20.853298,46.167904,49.038826,66.973381,55.618889,24.459974,19.805841,anomali,7.0,a,3
2026-09-03T20:10:20.739,BOSOK_031,376,9.123753,16.786522,42.42363,0.0,15.193548,11.141454,13.904997,21.09421,18.493925,16.407209,27.356134,19.6021,45.385395,49.038826,65.378777,54.460159,23.236977,19.805841,anomali,7.0,b,3
2026-09-03T20:11:10.406,BOSOK_031,377,9.123753,18.651691,38.652637,0.0,13.746543,9.748772,9.784998,12.556078,16.182184,11.358837,22.290184,17.933836,42.255367,47.347832,63.784176,53.301434,20.790979,17.105045,anomali,7.0,c,3
2026-09-03T20:11:21.546,BOSOK_031,378,10.782617,23.314615,38.652637,0.0,14.470046,11.141454,8.754998,11.551591,15.026314,12.62093,27.356134,15.43144,40.690353,49.038826,63.784176,56.777615,21.402477,19.805841,anomali,7.0,d,3
2026-09-03T20:11:44.026,BOSOK_031,379,10.782617,25.179783,45.251869,0.0,15.193548,11.141454,7.724998,10.044862,13.870444,11.779534,26.342943,14.180243,38.342834,45.656837,59.000362,53.301434,19.56798,18.00531,anomali,7.0,e,3
2026-09-03T20:12:23.169,BOSOK_031,380,14.100346,32.640461,57.507584,0.0,19.534561,13.926817,9.269998,12.053835,17.338055,13.883022,22.290184,15.848506,45.385395,50.72982,61.392269,56.777615,22.013977,20.706106,anomali,7.0,f,3
2026-09-03T20:12:57.657,BOSOK_031,381,14.100346,34.50563,56.564838,0.0,18.81106,13.926817,10.299997,12.556078,17.338055,11.779534,26.342943,17.099705,45.385395,50.72982,62.986874,56.777615,22.013977,20.706106,anomali,7.0,g,3
2026-09-03T20:13:10.678,BOSOK_031,382,10.782617,27.044952,51.851101,0.0,16.640553,13.230476,8.754998,11.049348,13.870444,9.676046,24.316565,15.014374,42.255367,46.502335,59.000362,52.142708,20.17948,18.00531,anomali,7.0,h,3
2026-09-03T20:20:09.186,AMAN_018,383,14.100346,26.112368,64.106819,0.0,22.42857,16.712181,26.264994,45.704121,26.585018,32.814419,27.356134,24.189825,54.775478,57.493797,78.932915,69.523605,36.078465,32.409557,normal,7.0,a,3
2026-09-03T20:20:43.660,AMAN_018,384,18.247505,45.696644,57.507584,0.0,23.152073,20.193886,16.479996,20.591967,21.961536,14.30372,22.290184,19.6021,53.99297,54.957306,65.378777,61.412521,28.740471,28.808496,normal,7.0,b,3
2026-09-03T20:20:55.227,AMAN_018,385,26.541826,57.820244,66.935059,0.0,26.769585,22.282907,15.964996,20.089724,23.117407,13.883022,30.395704,19.185034,61.035534,63.412277,70.959892,67.206154,30.574968,31.509293,normal,6.5,c,3
2026-09-03T20:21:09.510,AMAN_018,386,24.882961,55.022491,69.763298,0.0,26.046082,21.586567,17.509996,22.600939,23.117407,14.724418,29.382515,19.185034,60.253025,62.56678,70.959892,66.047432,31.186468,31.509293,normal,7.0,d,3
2026-09-03T20:21:24.029,AMAN_018,387,20.735802,41.033722,69.763298,42.042542,25.32258,19.497543,23.174994,33.148045,26.585018,18.931395,29.382515,21.687429,58.688011,61.721283,79.730217,70.682335,33.020966,31.509293,normal,7.0,e,3
2026-09-03T20:21:41.125,AMAN_018,388,16.588642,32.640461,59.393078,0.0,23.152073,18.104862,25.234993,35.65926,24.273277,20.193487,27.356134,23.772758,57.905506,62.56678,80.527519,74.158516,36.68996,33.309826,normal,6.5,f,3
2026-09-03T20:22:04.963,AMAN_018,389,14.929777,29.842707,56.564838,0.0,21.705069,17.408522,23.174994,30.134586,26.585018,15.145116,27.356134,23.772758,60.253025,64.257774,89.297844,78.793427,36.68996,32.409557,normal,6.5,g,3
2026-09-03T20:22:21.397,AMAN_018,390,16.588642,32.640461,59.393078,0.0,23.875576,17.408522,25.234993,47.21085,26.585018,30.71093,21.276993,22.521561,59.47052,62.56678,86.905937,74.158516,36.68996,34.210091,normal,7.0,h,3
2026-09-03T20:23:58.064,AMAN_019,391,17.418074,34.50563,61.278576,0.0,23.875576,18.104862,23.689995,44.197392,23.117407,24.821161,21.276993,19.6021,56.340492,62.56678,77.33831,69.523605,32.409466,32.409557,normal,7.5,a,3
2026-09-03T20:24:13.822,AMAN_019,392,23.224098,32.640461,59.393078,51.182228,23.152073,16.712181,21.629995,77.345436,23.117407,63.946045,24.316565,19.185034,53.99297,59.184792,75.743706,68.364883,42.193455,74.722038,normal,7.0,b,3
2026-09-03T20:25:08.997,AMAN_019,393,19.90637,29.842707,53.736595,42.042542,20.981565,16.015841,19.569996,34.654774,19.649796,22.717674,23.303373,17.516769,50.080437,54.957306,67.770683,62.571247,29.963469,34.210091,normal,7.0,c,3
2026-09-03T20:25:47.706,AMAN_019,394,14.100346,27.044952,59.393078,0.0,21.705069,15.319499,23.174994,42.188419,21.961536,22.296976,23.303373,18.767967,51.645451,56.6483,78.135612,68.364883,31.797968,29.708761,normal,7.0,d,3
2026-09-03T20:26:10.385,AMAN_019,395,19.076937,29.842707,60.335827,0.0,26.769585,17.408522,41.714989,157.202087,48.546555,128.73349,28.369324,26.275154,65.730576,68.48526,103.649284,84.587059,48.308449,74.722038,normal,7.5,e,3
2026-09-03T20:26:29.346,AMAN_019,396,16.588642,33.573044,58.450333,0.0,23.152073,16.712181,24.204994,51.228798,26.585018,39.124882,26.342943,20.019165,53.99297,60.030289,81.324821,70.682335,33.020966,30.609028,normal,7.5,f,3
2026-09-03T20:26:49.782,AMAN_019,397,14.100346,21.449446,51.851101,38.386669,21.705069,15.319499,28.324993,53.740013,33.520241,30.71093,25.329754,22.104496,55.557983,59.184792,90.892448,74.158516,34.855465,30.609028,normal,6.5,g,3
2026-09-03T20:27:07.275,AMAN_019,398,15.75921,23.314615,57.507584,0.0,23.152073,16.015841,34.50499,78.349922,41.611332,47.118137,26.342943,23.772758,58.688011,61.721283,97.270866,77.634697,36.68996,32.409557,normal,7.0,h,3
2026-09-03T20:28:03.975,AMAN_020,399,16.588642,31.707876,53.736595,0.0,20.981565,16.712181,18.024996,25.112156,20.805666,14.724418,25.329754,17.933836,52.427956,57.493797,68.567986,62.571247,29.351971,28.808496,normal,7.0,a,3
2026-09-03T20:28:28.957,AMAN_020,400,46.448196,41.966305,58.450333,0.0,23.875576,17.408522,13.904997,26.618885,18.493925,43.33186,18.237423,16.265572,57.905506,62.56678,69.365288,64.888702,31.186468,55.816463,normal,7.0,b,3
2026-09-03T20:28:47.538,AMAN_020,401,25.712395,41.033722,59.393078,0.0,22.42857,17.408522,14.419996,37.165989,18.493925,55.532089,24.316565,15.848506,54.775478,60.030289,67.770683,62.571247,29.351971,44.11301,normal,7.0,c,3
2026-09-03T20:29:05.297,AMAN_020,402,62.207405,79.269691,82.019012,0.0,31.110598,21.586567,14.419996,18.582994,20.805666,12.62093,22.290184,16.682638,68.860603,70.176254,71.757195,67.206154,30.574968,45.013275,normal,7.0,d,3
2026-09-03T20:29:18.344,AMAN_020,403,36.49501,61.550583,76.362534,0.0,25.32258,18.801203,14.934997,18.582994,18.493925,11.358837,25.329754,16.265572,56.340492,62.56678,66.973381,63.729973,28.740471,33.309826,normal,7.0,e,3
2026-09-03T20:29:25.937,AMAN_020,404,20.735802,28.910122,49.965607,36.558735,19.534561,15.319499,14.934997,18.582994,17.338055,14.724418,22.290184,15.014374,47.732918,53.266312,62.189571,57.93634,26.294474,31.509293,normal,7.0,f,3
2026-09-03T20:29:59.771,AMAN_020,405,58.060246,33.573044,55.622089,0.0,23.152073,16.015841,15.964996,24.10767,18.493925,37.442093,18.237423,16.682638,51.645451,54.111809,66.973381,60.253796,29.963469,66.619652,normal,7.0,g,3
2026-09-03T20:30:10.745,AMAN_020,406,19.076937,35.438213,58.450333,0.0,21.705069,16.712181,15.449996,19.587481,19.649796,11.779534,20.263803,17.516769,53.210464,58.339294,69.365288,66.047432,28.740471,28.808496,normal,7.0,h,3
2026-09-03T20:31:25.964,AMAN_021,407,31.518419,52.224735,70.706047,0.0,28.940092,18.104862,24.719994,38.672718,31.208498,18.931395,22.290184,20.019165,69.643105,68.48526,88.500542,74.158516,33.632465,45.91354,normal,7.5,a,3
2026-09-03T20:31:55.540,AMAN_021,408,19.90637,32.640461,59.393078,0.0,21.705069,16.712181,19.569996,30.134586,20.805666,17.248604,26.342943,19.6021,55.557983,59.184792,75.743706,68.364883,33.632465,37.811153,normal,7.0,b,3
2026-09-03T20:32:15.724,AMAN_021,409,22.394667,43.831474,66.935059,0.0,24.599077,18.801203,21.114994,33.148045,20.805666,19.772791,21.276993,19.6021,58.688011,65.948769,81.324821,76.475967,35.466965,34.210091,normal,7.5,c,3
2026-09-03T20:32:31.811,AMAN_021,410,21.565233,36.3708,57.507584,0.0,20.258064,15.319499,14.934997,20.089724,16.182184,13.041628,25.329754,18.350903,57.122997,65.103271,76.541008,72.999786,34.243965,33.309826,normal,7.5,d,3
2026-09-03T20:33:00.137,AMAN_021,411,19.90637,36.3708,55.622089,0.0,20.258064,15.319499,15.964996,23.103182,17.338055,18.510696,25.329754,18.350903,56.340492,63.412277,75.743706,71.841064,33.632465,34.210091,normal,7.5,e,3
2026-09-03T20:33:29.233,AMAN_021,412,26.541826,41.966305,66.935059,0.0,24.599077,18.801203,17.509996,24.609913,19.649796,22.717674,23.303373,19.185034,61.035534,68.48526,80.527519,76.475967,34.855465,42.312481,normal,7.0,f,3
2026-09-03T20:33:50.755,AMAN_021,413,76.307747,99.786552,99.931213,0.0,38.345619,27.157293,15.964996,20.591967,25.429148,15.145116,35.461655,21.270363,82.945724,86.240692,87.703239,85.745781,37.91296,49.514603,normal,7.0,g,3
2026-09-03T20:34:09.800,AMAN_021,414,50.595356,83.000031,88.618248,0.0,30.387096,20.193886,12.874997,17.578508,18.493925,13.462325,30.395704,18.350903,70.425613,76.094734,75.743706,72.999786,33.632465,40.511948,normal,7.0,h,3
2026-09-03T20:35:25.014,AMAN_022,415,17.418074,35.438213,55.622089,0.0,20.981565,17.408522,16.994995,21.09421,19.649796,11.779534,27.356134,17.933836,53.99297,60.875786,70.16259,66.047432,30.574968,28.808496,normal,8.0,a,3
2026-09-03T20:35:42.287,AMAN_022,416,29.859554,45.696644,76.362534,0.0,30.387096,24.371929,20.599995,28.125614,31.208498,20.193487,53.699078,34.616474,98.595863,117.524086,136.338669,143.682129,56.257942,55.816463,normal,7.0,b,3
2026-09-03T20:35:55.340,AMAN_022,417,20.735802,39.168552,57.507584,38.386669,21.705069,16.015841,13.389997,17.076265,16.182184,12.200233,24.316565,17.099705,56.340492,62.56678,70.16259,67.206154,30.574968,30.609028,normal,7.0,c,3
2026-09-03T20:36:46.600,AMAN_022,418,34.836147,54.089905,66.935059,0.0,25.32258,20.193886,15.449996,19.587481,18.493925,11.779534,26.342943,17.516769,61.818039,70.176254,74.149101,74.158516,31.797968,31.509293,normal,8.0,d,3
2026-09-03T20:37:00.842,AMAN_022,419,17.418074,36.3708,68.820549,42.042542,22.42857,18.104862,15.449996,19.085238,17.338055,11.358837,25.329754,17.516769,55.557983,62.56678,70.959892,69.523605,31.186468,28.808496,normal,8.0,e,3
2026-09-03T20:37:15.898,AMAN_022,420,18.247505,35.438213,59.393078,0.0,20.981565,15.319499,13.389997,16.574022,15.026314,11.779534,26.342943,17.099705,54.775478,61.721283,74.946404,69.523605,33.020966,29.708761,normal,7.5,f,3
2026-09-03T20:37:28.961,AMAN_022,421,17.418074,35.438213,61.278576,0.0,21.705069,17.408522,13.904997,16.574022,16.182184,10.938139,18.237423,16.265572,52.427956,58.339294,67.770683,66.047432,28.740471,27.908232,normal,7.5,g,3
2026-09-03T20:37:41.543,AMAN_022,422,17.418074,34.50563,57.507584,0.0,19.534561,14.623158,13.389997,17.578508,15.026314,10.938139,25.329754,17.099705,53.210464,59.184792,70.16259,67.206154,31.186468,29.708761,normal,7.0,h,3
2026-09-03T20:39:14.181,AMAN_023,423,20.735802,33.573044,57.507584,0.0,22.42857,16.015841,23.689995,44.699635,19.649796,27.766045,20.263803,19.185034,62.600548,70.176254,86.905937,78.793427,36.68996,39.611683,normal,8.0,a,3
2026-09-03T20:39:31.720,AMAN_023,424,48.107059,70.876427,85.790001,0.0,29.663593,20.890226,14.934997,21.596453,18.493925,16.827906,24.316565,18.350903,81.380707,90.468178,87.703239,82.2696,38.52446,54.916195,normal,8.0,b,3
2026-09-03T20:40:00.289,AMAN_023,425,74.648888,46.62923,65.99231,0.0,29.663593,18.104862,15.964996,126.063019,31.208498,297.012543,22.290184,21.687429,80.598206,76.940231,86.905937,78.793427,77.660423,315.993195,normal,7.5,c,3
2026-09-03T20:40:17.929,AMAN_023,426,59.719109,53.157322,73.534286,0.0,29.663593,20.890226,16.994995,45.704121,25.429148,100.126045,22.290184,18.350903,66.513077,66.794266,73.351799,64.888702,36.078465,114.333717,normal,7.5,d,3
2026-09-03T20:40:58.641,AMAN_023,427,24.05353,41.033722,67.877808,0.0,25.32258,19.497543,19.054995,26.116642,21.961536,15.986511,26.342943,18.767967,57.122997,59.184792,71.757195,64.888702,29.351971,35.110355,normal,8.0,e,3
2026-09-03T20:41:23.385,AMAN_023,428,92.896393,137.089935,134.812866,0.0,47.027649,26.460953,16.479996,21.596453,25.429148,18.09,27.356134,19.185034,107.985939,90.468178,85.311333,76.475967,37.30146,104.430801,normal,8.0,f,3
2026-09-03T20:41:40.813,AMAN_023,429,93.725822,71.809013,75.419785,0.0,43.410137,21.586567,16.479996,180.80751,75.131569,235.590683,28.369324,19.6021,138.503708,75.249237,82.919426,71.841064,119.242378,319.594269,normal,7.5,g,3
2026-09-03T20:41:57.411,AMAN_023,430,29.030123,48.4944,76.362534,0.0,25.32258,18.801203,16.994995,47.21085,19.649796,48.80093,24.316565,16.265572,56.340492,60.030289,70.959892,64.888702,44.027954,85.525223,normal,8.0,h,3
2026-09-03T20:43:26.721,AMAN_024,431,20.735802,33.573044,55.622089,34.730797,21.705069,16.015841,18.024996,27.623371,19.649796,15.145116,25.329754,17.099705,54.775478,62.56678,75.743706,69.523605,31.186468,32.409557,normal,7.5,a,3
2026-09-03T20:43:40.660,AMAN_024,432,19.076937,34.50563,58.450333,0.0,20.258064,13.926817,15.449996,22.098696,17.338055,12.200233,24.316565,16.682638,54.775478,61.721283,74.149101,68.364883,29.963469,29.708761,normal,7.5,b,3
2026-09-03T20:43:50.860,AMAN_024,433,34.836147,56.887661,75.419785,0.0,24.599077,16.015841,15.449996,24.10767,17.338055,13.883022,20.263803,16.265572,61.035534,65.948769,74.149101,67.206154,31.186468,40.511948,normal,7.5,c,3
2026-09-03T20:44:12.960,AMAN_024,434,29.030123,49.426983,64.106819,0.0,24.599077,19.497543,14.934997,19.085238,19.649796,13.041628,20.263803,16.682638,59.47052,66.794266,73.351799,71.841064,31.186468,32.409557,normal,7.5,d,3
2026-09-03T20:44:28.235,AMAN_024,435,17.418074,28.910122,56.564838,0.0,20.258064,13.926817,16.479996,23.605425,18.493925,21.034883,24.316565,18.350903,53.210464,60.030289,73.351799,69.523605,31.797968,31.509293,normal,7.5,e,3
2026-09-03T20:44:37.964,AMAN_024,436,14.100346,24.2472,58.450333,0.0,18.81106,13.230476,15.964996,22.600939,16.182184,12.62093,24.316565,17.933836,48.515423,54.111809,68.567986,66.047432,29.963469,27.007965,normal,7.5,f,3
2026-09-03T20:44:49.029,AMAN_024,437,14.929777,27.044952,51.851101,0.0,18.81106,13.230476,16.994995,23.605425,17.338055,13.041628,22.290184,17.933836,50.862942,57.493797,72.554497,68.364883,31.186468,28.808496,normal,7.5,g,3
2026-09-03T20:45:02.082,AMAN_024,438,15.75921,25.179783,48.080112,0.0,18.087557,13.230476,16.479996,23.103182,17.338055,12.62093,23.303373,17.933836,52.427956,58.339294,72.554497,67.206154,31.797968,29.708761,normal,7.5,h,3
2026-09-03T20:46:37.431,AMAN_025,439,29.859554,54.089905,67.877808,0.0,23.152073,18.104862,15.449996,20.089724,20.805666,12.62093,25.329754,15.848506,54.775478,58.339294,65.378777,57.93634,26.905972,28.808496,normal,8.0,a,3
2026-09-03T20:46:50.939,AMAN_025,440,13.270913,26.112368,49.022858,0.0,18.087557,14.623158,15.449996,20.089724,17.338055,15.565813,16.211042,15.014374,44.60289,49.038826,58.20306,53.301434,25.071474,24.307169,normal,8.0,b,3
2026-09-03T20:47:31.374,AMAN_025,441,14.929777,27.977537,59.393078,0.0,18.81106,14.623158,14.934997,19.587481,16.182184,13.883022,17.224232,15.43144,45.385395,49.884323,60.594967,57.93634,26.294474,25.207434,normal,7.0,c,3
2026-09-03T20:47:47.147,AMAN_025,442,15.75921,35.438213,69.763298,0.0,20.981565,16.015841,12.874997,15.067293,15.026314,10.517442,23.303373,14.597308,45.385395,49.038826,58.20306,55.618889,24.459974,23.406904,normal,8.0,d,3
2026-09-03T20:48:14.259,AMAN_025,443,59.719109,84.865196,92.389236,0.0,30.387096,21.586567,14.419996,18.080751,21.961536,15.145116,28.369324,16.265572,82.945724,71.867249,72.554497,66.047432,30.574968,60.317791,normal,8.5,e,3
2026-09-03T20:48:31.764,AMAN_025,444,63.866268,96.056213,103.702202,0.0,31.834101,21.586567,12.874997,16.071779,20.805666,13.041628,26.342943,15.014374,97.030846,72.712746,67.770683,61.412521,28.128971,68.420181,normal,8.0,f,3
2026-09-03T20:49:33.237,AMAN_025,445,14.929777,30.775291,61.278576,0.0,20.981565,16.712181,18.539995,27.623371,18.493925,14.724418,23.303373,17.099705,49.297932,54.111809,67.770683,62.571247,29.351971,27.908232,normal,7.0,g,3
2026-09-03T20:49:55.505,AMAN_025,446,13.270913,23.314615,55.622089,0.0,20.981565,15.319499,21.629995,33.148045,24.273277,17.248604,19.250612,22.104496,56.340492,60.875786,88.500542,77.634697,34.243965,30.609028,normal,8.0,h,3
2026-09-03T20:50:54.596,AMAN_026,447,18.247505,36.3708,57.507584,0.0,21.705069,17.408522,17.509996,23.605425,18.493925,13.041628,19.250612,16.265572,50.080437,53.266312,63.784176,59.095066,26.905972,27.908232,normal,8.0,a,3
2026-09-03T20:51:12.047,AMAN_026,448,19.076937,31.707876,51.851101,0.0,18.81106,13.926817,14.934997,22.600939,15.026314,13.041628,23.303373,16.265572,49.297932,54.111809,66.176079,61.412521,28.740471,30.609028,normal,7.5,b,3
2026-09-03T20:51:27.023,AMAN_026,449,28.200691,37.303383,59.393078,0.0,22.42857,17.408522,14.419996,59.264687,18.493925,75.304878,18.237423,15.848506,52.427956,54.957306,63.784176,59.095066,44.027954,117.034515,normal,7.0,c,3
2026-09-03T20:52:08.818,AMAN_026,450,19.076937,44.764061,70.706047,0.0,23.875576,18.801203,15.449996,19.587481,18.493925,12.200233,22.290184,15.848506,50.080437,53.266312,62.986874,59.095066,26.294474,26.1077,normal,8.0,d,3
2026-09-03T20:53:23.408,AMAN_026,451,23.224098,30.775291,54.679344,0.0,19.534561,13.230476,12.874997,22.098696,15.026314,26.503952,24.316565,16.265572,50.862942,57.493797,67.770683,66.047432,29.963469,34.210091,normal,7.5,e,3
2026-09-03T20:53:42.113,AMAN_026,452,36.49501,36.3708,58.450333,0.0,22.42857,15.319499,16.479996,24.10767,17.338055,26.083256,22.290184,15.848506,49.297932,53.266312,66.973381,61.412521,31.797968,68.420181,normal,7.0,f,3
2026-09-03T20:53:57.449,AMAN_026,453,17.418074,30.775291,54.679344,0.0,20.258064,14.623158,20.084995,37.165989,17.338055,20.193487,23.303373,17.516769,53.210464,60.030289,74.946404,68.364883,32.409466,30.609028,normal,7.5,g,3
2026-09-03T20:54:20.734,AMAN_026,454,16.588642,25.179783,57.507584,0.0,20.258064,13.230476,19.569996,34.654774,18.493925,20.193487,24.316565,17.933836,49.297932,53.266312,70.959892,62.571247,31.797968,29.708761,normal,8.0,h,3
2026-09-03T20:56:42.855,AMAN_027,455,31.518419,46.62923,57.507584,0.0,23.152073,16.015841,19.569996,34.654774,23.117407,23.559069,26.342943,19.185034,59.47052,61.721283,81.324821,69.523605,34.243965,50.414867,normal,7.0,a,3
2026-09-03T20:56:53.788,AMAN_027,456,25.712395,51.292152,69.763298,0.0,26.046082,20.193886,18.539995,30.134586,21.961536,18.510696,29.382515,21.270363,69.643105,75.249237,86.108635,81.110878,36.078465,40.511948,normal,7.0,b,3
2026-09-03T20:57:14.062,AMAN_027,457,34.006714,59.685413,65.99231,0.0,25.32258,18.104862,16.994995,25.614399,18.493925,15.145116,28.369324,19.185034,58.688011,62.56678,73.351799,67.206154,32.409466,32.409557,normal,7.0,c,3
2026-09-03T20:57:29.596,AMAN_027,458,32.347851,53.157322,64.106819,0.0,24.599077,18.104862,15.449996,22.098696,19.649796,16.407209,29.382515,18.767967,63.383053,67.639763,76.541008,70.682335,33.020966,47.714073,normal,7.0,d,3
2026-09-03T20:57:47.657,AMAN_027,459,38.983307,47.561813,66.935059,0.0,26.046082,16.015841,14.934997,24.609913,18.493925,21.034883,20.263803,17.933836,54.775478,58.339294,71.757195,66.047432,31.797968,57.616993,normal,7.0,e,3
2026-09-03T20:58:09.437,AMAN_027,460,17.418074,33.573044,66.935059,0.0,23.875576,17.408522,26.264994,69.81179,24.273277,49.221626,21.276993,21.270363,55.557983,59.184792,77.33831,69.523605,36.078465,43.212746,normal,7.0,f,3
2026-09-03T20:58:47.813,AMAN_027,461,17.418074,37.303383,63.16407,0.0,22.42857,16.015841,20.084995,40.179447,21.961536,30.290232,26.342943,20.853298,56.340492,62.56678,78.932915,71.841064,34.855465,34.210091,normal,7.0,g,3
2026-09-03T20:59:02.508,AMAN_027,462,16.588642,24.2472,55.622089,0.0,20.258064,15.319499,26.264994,56.251228,25.429148,41.228371,23.303373,19.6021,46.167904,47.347832,68.567986,57.93634,29.351971,27.908232,normal,7.0,h,3
2026-09-03T21:00:45.096,AMAN_028,463,12.441481,21.449446,79.190773,0.0,26.046082,17.408522,38.109989,108.986755,43.923073,93.815575,32.422085,29.611683,56.340492,56.6483,90.095146,71.841064,39.13596,36.910885,normal,7.0,a,3
2026-09-03T21:01:21.210,AMAN_028,464,15.75921,26.112368,69.763298,0.0,23.875576,16.712181,31.929993,65.793846,35.831982,40.807674,29.382515,24.606892,60.253025,63.412277,90.095146,76.475967,36.68996,33.309826,normal,7.0,b,3
2026-09-03T21:01:36.498,AMAN_028,465,25.712395,30.775291,66.935059,0.0,23.875576,17.408522,27.809994,55.246742,26.585018,33.235115,21.276993,22.104496,53.210464,57.493797,78.932915,68.364883,33.632465,34.210091,normal,7.0,c,3
2026-09-03T21:01:53.312,AMAN_028,466,16.588642,22.38203,64.106819,0.0,25.32258,14.623158,46.349987,136.10788,94.781364,106.857208,28.369324,34.199409,68.860603,68.48526,124.379143,90.380692,53.811943,55.816463,normal,7.0,d,3
2026-09-03T21:02:08.932,AMAN_028,467,14.100346,25.179783,85.790001,0.0,24.599077,16.712181,33.474991,78.349922,39.299591,55.952789,27.356134,28.360485,63.383053,65.948769,102.851982,84.587059,44.639454,40.511948,normal,7.5,e,3
2026-09-03T21:02:26.863,AMAN_028,468,14.929777,27.044952,72.591545,0.0,23.152073,16.712181,25.234993,40.68169,27.740889,23.138371,20.263803,22.104496,50.080437,54.111809,77.33831,68.364883,31.797968,30.609028,normal,7.5,f,3
2026-09-03T21:02:52.411,AMAN_028,469,17.418074,27.044952,71.648796,0.0,23.875576,16.712181,36.564991,78.349922,39.299591,49.642323,26.342943,22.521561,53.99297,56.6483,87.703239,72.999786,35.466965,40.511948,normal,7.0,g,3
2026-09-03T21:03:06.377,AMAN_028,470,16.588642,36.3708,75.419785,0.0,26.046082,19.497543,31.929993,63.282631,32.364368,36.600697,28.369324,22.521561,57.122997,60.875786,84.51403,72.999786,34.243965,31.509293,normal,7.0,h,3
2026-09-03T21:04:25.318,AMAN_029,471,19.90637,39.168552,62.221321,0.0,23.875576,17.408522,29.869993,55.246742,30.052628,30.290232,26.342943,19.185034,59.47052,63.412277,84.51403,72.999786,39.747459,44.11301,normal,8.0,a,3
2026-09-03T21:04:40.444,AMAN_029,472,22.394667,38.23597,56.564838,0.0,21.705069,14.623158,25.749994,48.21534,20.805666,25.662558,19.250612,17.516769,57.905506,63.412277,80.527519,69.523605,34.855465,42.312481,normal,7.5,b,3
2026-09-03T21:05:00.346,AMAN_029,473,38.153873,37.303383,55.622089,0.0,24.599077,14.623158,28.839993,61.273659,25.429148,54.690697,23.303373,18.767967,64.165558,60.875786,86.905937,75.317245,50.754448,95.428146,normal,7.5,c,3
2026-09-03T21:05:21.563,AMAN_029,474,24.05353,38.23597,65.99231,0.0,24.599077,16.015841,36.564991,63.784874,38.143719,38.704185,21.276993,19.6021,59.47052,64.257774,87.703239,74.158516,38.52446,49.514603,normal,7.5,d,3
2026-09-03T21:05:43.943,AMAN_029,475,24.882961,53.157322,85.790001,0.0,25.32258,17.408522,23.689995,37.668232,20.805666,18.931395,28.369324,17.099705,57.905506,65.103271,76.541008,69.523605,32.409466,36.01062,normal,7.5,e,3
2026-09-03T21:06:05.262,AMAN_029,476,41.471603,79.269691,115.957916,45.698418,31.834101,20.193886,16.479996,25.112156,20.805666,15.565813,30.395704,17.099705,79.033188,78.631226,81.324821,72.999786,38.52446,57.616993,normal,7.5,f,3
2026-09-03T21:06:53.609,AMAN_029,477,65.525131,74.606766,64.106819,0.0,57.880184,17.408522,38.624989,69.309547,41.611332,52.166512,19.250612,20.853298,70.425613,60.875786,93.284355,75.317245,52.588947,89.126289,normal,7.5,g,3
2026-09-03T21:07:44.966,AMAN_029,478,29.030123,28.910122,51.851101,0.0,41.239632,16.015841,100.424973,194.870331,182.627518,144.299301,28.369324,40.03833,103.290901,73.558243,232.812241,98.491776,135.141357,124.236641,normal,7.5,h,3
2026-09-03T21:08:51.927,AMAN_030,479,21.565233,51.292152,98.988464,0.0,28.216589,22.979248,23.174994,28.627857,23.117407,15.145116,25.329754,17.933836,61.818039,69.330757,73.351799,66.047432,31.186468,35.110355,normal,7.5,a,3
2026-09-03T21:09:10.891,AMAN_030,480,18.247505,34.50563,68.820549,0.0,21.705069,15.319499,24.204994,33.148045,17.338055,15.986511,27.356134,17.933836,58.688011,64.257774,76.541008,70.682335,33.020966,34.210091,normal,7.5,b,3
2026-09-03T21:09:34.528,AMAN_030,481,19.90637,32.640461,64.106819,0.0,21.705069,14.623158,19.569996,30.134586,19.649796,21.876278,19.250612,18.350903,57.122997,58.339294,77.33831,67.206154,37.30146,48.614338,normal,7.5,c,3
2026-09-03T21:09:55.958,AMAN_030,482,18.247505,38.23597,78.248024,0.0,23.152073,16.015841,25.234993,33.650288,17.338055,17.248604,20.263803,17.516769,54.775478,61.721283,75.743706,70.682335,33.020966,36.01062,normal,7.5,d,3
2026-09-03T21:10:14.226,AMAN_030,483,15.75921,27.044952,61.278576,0.0,21.705069,14.623158,40.68499,58.762444,32.364368,28.607441,20.263803,22.104496,55.557983,62.56678,89.297844,76.475967,37.30146,32.409557,normal,7.5,e,3
2026-09-03T21:10:42.351,AMAN_030,484,19.90637,31.707876,65.99231,52.096195,23.875576,15.319499,44.804989,65.291603,32.364368,35.338604,25.329754,20.436232,61.035534,62.56678,88.500542,74.158516,40.358959,43.212746,normal,7.5,f,3
2026-09-03T21:11:11.310,AMAN_030,485,16.588642,24.2472,56.564838,54.8381,22.42857,13.230476,72.099983,106.977783,72.819832,64.366745,24.316565,28.77755,57.122997,60.875786,129.960251,77.634697,66.653435,51.315136,normal,7.5,g,3
2026-09-03T21:11:26.166,AMAN_030,486,15.75921,20.516861,62.221321,0.0,26.046082,13.926817,70.554985,112.000214,115.587029,67.732323,23.303373,34.616474,83.728233,73.558243,180.987595,100.809235,69.71093,54.916195,normal,7.5,h,3
2026-09-03T21:12:38.827,AMAN_031,487,19.076937,43.831474,98.045715,0.0,26.769585,17.408522,58.709984,77.847679,34.676109,37.442093,28.369324,21.687429,60.253025,68.48526,89.297844,74.158516,44.639454,40.511948,normal,8.0,a,3
2026-09-03T21:12:56.579,AMAN_031,488,26.541826,52.224735,114.072426,0.0,28.216589,16.712181,18.539995,41.686176,26.585018,31.131626,26.342943,16.265572,76.685669,72.712746,78.932915,69.523605,54.423443,67.519913,normal,7.5,b,3
2026-09-03T21:13:40.936,AMAN_031,489,40.64217,54.089905,103.702202,0.0,46.304146,15.319499,35.019993,118.529373,70.508087,103.912323,25.329754,18.767967,120.50605,66.794266,88.500542,68.364883,140.644852,172.850983,normal,7.5,c,3
2026-09-03T21:14:02.552,AMAN_031,490,28.200691,54.089905,102.759453,0.0,31.834101,16.712181,16.994995,21.09421,16.182184,14.30372,26.342943,15.014374,62.600548,65.103271,68.567986,63.729973,33.020966,41.412212,normal,7.5,d,3
2026-09-03T21:15:14.563,AMAN_031,491,14.929777,31.707876,71.648796,0.0,22.42857,16.712181,37.07999,48.21534,24.273277,23.138371,20.263803,18.767967,48.515423,53.266312,71.757195,63.729973,29.963469,27.007965,normal,8.0,e,3
2026-09-03T21:15:42.837,AMAN_031,492,29.859554,58.752831,126.32814,0.0,33.281105,20.193886,26.264994,30.134586,18.493925,14.724418,18.237423,15.014374,57.905506,56.6483,63.784176,57.93634,30.574968,48.614338,normal,7.5,f,3
2026-09-03T21:16:03.135,AMAN_031,493,79.625481,91.393288,99.931213,0.0,107.078339,26.460953,16.994995,57.255714,17.338055,59.739067,15.197852,19.6021,79.815697,60.875786,60.594967,54.460159,122.911377,137.740631,normal,8.0,g,3
2026-09-03T21:16:24.162,AMAN_031,494,13.270913,21.449446,51.851101,0.0,20.981565,13.926817,45.834988,54.744499,38.143719,21.45558,22.290184,17.933836,53.210464,51.575317,94.87896,63.729973,40.358959,30.609028,normal,7.5,h,3
2026-09-03T21:17:39.395,AMAN_032,495,29.030123,61.550583,140.469345,0.0,39.069122,31.335339,35.019993,59.264687,38.143719,37.862789,37.488037,28.360485,77.468178,82.858704,102.851982,79.952148,74.602921,74.722038,normal,8.0,a,3
2026-09-03T21:18:58.491,AMAN_032,496,19.076937,41.966305,96.160225,0.0,26.046082,18.104862,55.619987,71.820763,31.208498,33.655811,20.263803,19.185034,53.210464,55.802803,73.351799,62.571247,37.30146,33.309826,normal,7.5,b,3
2026-09-03T21:19:48.653,AMAN_032,497,29.030123,68.078674,152.725067,0.0,32.557602,23.675589,24.204994,35.65926,25.429148,24.821161,29.382515,16.682638,64.165558,65.103271,68.567986,61.412521,34.855465,46.813808,normal,7.5,c,3
2026-09-03T21:20:13.249,AMAN_032,498,23.224098,59.685413,144.240341,0.0,30.387096,21.586567,21.629995,42.690662,27.740889,35.7593,29.382515,16.265572,62.600548,63.412277,63.784176,57.93634,44.639454,59.417522,normal,7.5,d,3
2026-09-03T21:20:59.914,AMAN_032,499,28.200691,59.685413,132.927368,57.580006,33.281105,23.675589,19.054995,32.645802,25.429148,24.400465,30.395704,16.682638,75.120659,66.794266,66.973381,61.412521,41.581959,56.716728,normal,7.5,e,3
2026-09-03T21:21:48.312,AMAN_032,500,21.565233,49.426983,112.186928,55.752068,29.663593,18.801203,38.624989,45.704121,26.585018,20.614185,27.356134,17.516769,56.340492,60.030289,70.959892,62.571247,31.797968,32.409557,normal,8.0,f,3
2026-09-03T21:22:41.050,AMAN_032,501,23.224098,50.359566,110.30143,0.0,30.387096,20.193886,33.474991,40.179447,23.117407,18.510696,25.329754,16.265572,54.775478,56.6483,65.378777,59.095066,28.128971,35.110355,normal,8.0,g,3
2026-09-03T21:23:29.918,AMAN_032,502,25.712395,38.23597,75.419785,0.0,34.728111,19.497543,29.354992,35.65926,24.273277,21.034883,25.329754,17.099705,68.078094,65.103271,75.743706,64.888702,47.696949,46.813808,normal,7.5,h,3
2026-09-03T21:24:53.990,AMAN_033,503,15.75921,28.910122,62.221321,0.0,21.705069,16.015841,41.714989,56.753471,31.208498,24.400465,25.329754,20.019165,51.645451,58.339294,82.122124,69.523605,32.409466,28.808496,normal,8.0,a,3
2026-09-03T21:25:16.058,AMAN_033,504,14.929777,28.910122,61.278576,42.042542,20.258064,16.015841,23.689995,29.632343,19.649796,13.462325,23.303373,15.43144,47.732918,53.266312,66.973381,61.412521,27.517471,27.007965,normal,7.5,b,3
2026-09-03T21:25:55.979,AMAN_033,505,12.441481,21.449446,52.79385,0.0,19.534561,14.623158,35.019993,45.704121,33.520241,19.772791,16.211042,17.516769,46.167904,48.193329,74.946404,60.253796,30.574968,24.307169,normal,7.0,c,3
2026-09-03T21:26:17.398,AMAN_033,506,14.100346,23.314615,56.564838,0.0,22.42857,14.623158,72.614983,99.946381,50.858295,50.904415,24.316565,22.938627,56.340492,57.493797,98.068169,69.523605,52.588947,39.611683,normal,7.5,d,3
2026-09-03T21:26:50.380,AMAN_033,507,15.75921,28.910122,62.221321,43.87048,21.705069,16.712181,28.839993,52.735527,20.805666,29.448835,24.316565,17.516769,49.297932,53.266312,67.770683,62.571247,30.574968,32.409557,normal,8.0,e,3
2026-09-03T21:27:41.528,AMAN_033,508,16.588642,31.707876,65.99231,0.0,22.42857,18.104862,20.084995,31.139072,20.805666,21.034883,25.329754,16.682638,48.515423,51.575317,63.784176,57.93634,27.517471,32.409557,normal,7.5,f,3
2026-09-03T21:28:03.592,AMAN_033,509,12.441481,27.044952,65.049561,0.0,20.258064,16.015841,20.084995,27.623371,20.805666,14.724418,22.290184,16.265572,41.472862,44.81134,59.797665,54.460159,25.071474,25.207434,normal,7.5,g,3
2026-09-03T21:28:21.085,AMAN_033,510,14.929777,27.044952,59.393078,0.0,19.534561,15.319499,23.689995,33.148045,20.805666,14.724418,23.303373,17.516769,43.820381,48.193329,65.378777,59.095066,26.905972,24.307169,normal,7.5,h,3
2026-09-03T21:28:52.447,AMAN_034,511,13.270913,27.044952,67.877808,0.0,23.875576,16.712181,40.68499,69.81179,42.7672,35.7593,26.342943,23.355694,50.080437,53.266312,85.311333,68.364883,33.020966,28.808496,normal,7.0,a,3
2026-09-03T21:29:03.459,AMAN_034,512,16.588642,36.3708,72.591545,0.0,22.42857,17.408522,16.994995,20.089724,19.649796,11.779534,19.250612,15.848506,43.037876,46.502335,55.013851,50.983978,23.236977,26.1077,normal,7.0,b,3
2026-09-03T21:29:13.658,AMAN_034,513,12.441481,25.179783,57.507584,0.0,18.81106,16.015841,16.479996,21.09421,18.493925,11.358837,23.303373,15.014374,43.037876,46.502335,55.811153,52.142708,23.236977,22.506638,normal,7.0,c,3
2026-09-03T21:29:24.339,AMAN_034,514,12.441481,25.179783,62.221321,0.0,19.534561,15.319499,21.114994,33.650288,18.493925,17.248604,23.303373,15.43144,41.472862,44.81134,57.405758,52.142708,25.071474,25.207434,normal,7.0,d,3
2026-09-03T21:30:10.158,AMAN_034,515,13.270913,28.910122,61.278576,0.0,20.981565,17.408522,23.174994,38.170475,20.805666,20.193487,24.316565,17.099705,44.60289,49.038826,62.189571,57.93634,26.294474,23.406904,normal,7.0,e,3
2026-09-03T21:32:34.177,AMAN_034,516,14.100346,36.3708,71.648796,42.956512,22.42857,18.801203,14.419996,22.098696,19.649796,18.931395,24.316565,13.763176,43.037876,46.502335,51.824642,47.507801,21.402477,24.307169,normal,7.5,f,3
2026-09-03T21:33:22.841,AMAN_034,517,14.100346,28.910122,59.393078,0.0,20.258064,16.015841,17.509996,25.112156,19.649796,21.034883,17.224232,14.180243,39.907848,42.274849,52.621944,47.507801,22.013977,30.609028,normal,7.0,g,3
2026-09-03T21:33:52.754,AMAN_034,518,14.100346,27.044952,61.278576,0.0,20.981565,16.712181,31.414991,50.224312,25.429148,23.559069,23.303373,17.099705,41.472862,43.120346,61.392269,53.301434,23.848475,23.406904,normal,7.0,h,3
