timestamp,fruit_id,scan_no,nm410,nm435,nm460,nm485,nm510,nm535,nm560,nm585,nm610,nm645,nm680,nm705,nm730,nm760,nm810,nm860,nm900,nm940,label,diameter_cm,rotasi_buah,jarak_cm,ratio_810_680,ratio_730_680,ratio_860_810,red_edge_slope,ndvi_like
"2026-08-28T17:17:38,226",BOSOK_001,1,13.270913,27.977537,67.877808,0.0,20.981565,18.801203,12.874997,15.067293,18.493925,10.517442,17.224232,13.763176,36.777821,40.583858,47.838131,48.666527,21.402477,20.706106,anomali,7.0,a,3,2.777372205987352,2.135235965681393,1.0173164337635947,0.39107178000000004,0.47053154670519
"2026-08-28T17:18:12,040",BOSOK_001,2,14.929777,26.112368,59.393078,37.472702,18.087557,17.408522,11.844997,13.058321,17.338055,13.462325,25.329754,13.763176,39.907848,43.965843,50.230038,52.142708,20.790979,21.606373,anomali,7.0,b,3,1.9830440583654865,1.5755317736083132,1.0380780046238458,0.29156188,0.3295440610074653
"2026-08-28T17:18:47,392",BOSOK_001,3,16.588642,34.50563,77.305275,0.0,25.32258,20.890226,15.449996,18.080751,19.649796,12.200233,27.356134,17.099705,46.167904,51.575317,61.392269,62.571247,26.905972,25.207434,anomali,7.0,c,3,2.244185766824447,1.687661243485193,1.019203848093015,0.3762354,0.38351260433242906
"2026-08-28T17:19:56,925",BOSOK_001,4,11.612049,21.449446,51.851101,0.0,18.81106,16.712181,13.389997,16.071779,18.493925,12.62093,21.276993,17.099705,44.60289,47.347832,50.230038,56.777615,23.848475,23.406904,anomali,7.5,d,3,2.3607665985665367,2.0962957048039144,1.1303515975139022,0.46651794,0.4048978197825302
"2026-08-28T17:20:23,663",BOSOK_001,5,12.441481,16.786522,61.278576,40.214607,17.364056,14.623158,13.904997,17.578508,19.649796,13.883022,25.329754,15.43144,38.342834,43.120346,55.013851,56.777615,24.459974,22.506638,anomali,7.0,e,3,2.1719053916175453,1.5137461999251158,1.032060174798493,0.26026160000000004,0.36946429408236114
"2026-08-28T17:20:53,790",BOSOK_001,6,9.953185,15.853938,54.679344,0.0,16.640553,13.230476,14.934997,18.582994,18.493925,14.30372,17.224232,15.014374,35.212807,38.892864,50.230038,52.142708,22.625477,20.706106,anomali,7.5,f,3,2.9162408424126878,2.044374840994454,1.0380780046238458,0.35977149999999997,0.4893063271893198
"2026-08-28T17:21:14,761",BOSOK_001,7,12.441481,25.179783,66.935059,0.0,21.705069,19.497543,14.934997,19.587481,20.805666,13.462325,27.356134,16.682638,43.037876,46.502335,57.405758,59.095066,24.459974,23.406904,anomali,8.0,g,3,2.098459417379876,1.573243509757808,1.0294273216586878,0.3136348399999999,0.3545180475067678
"2026-08-28T17:21:53,009",BOSOK_001,8,36.49501,69.94384,100.873962,0.0,31.110598,26.460953,12.359997,14.56505,20.805666,12.200233,27.356134,15.014374,47.732918,50.72982,55.013851,55.618889,25.071474,27.908232,anomali,7.5,h,3,2.01102359309119,1.7448701103488853,1.0109977374611099,0.40753567999999996,0.3357741735931877
"2026-08-28T17:25:36,579",BOSOK_002,9,16.588642,43.831474,86.73275,55.752068,28.940092,26.460953,19.054995,22.098696,26.585018,16.827906,34.448463,20.019165,50.080437,50.72982,59.000362,55.618889,26.294474,25.207434,anomali,8.0,a,3,1.712713419837216,1.4537781398902647,0.9426870901763127,0.31263948000000014,0.26273092650111696
"2026-08-28T17:25:53,852",BOSOK_002,10,44.789333,87.662949,118.786156,0.0,38.345619,32.031681,14.419996,17.578508,25.429148,15.565813,35.461655,18.350903,56.340492,56.6483,61.392269,60.253796,25.682974,27.007965,anomali,8.0,b,3,1.7312291738134684,1.588771762408787,0.9814555996528488,0.41757673999999995,0.26772907334873974
"2026-08-28T17:26:53,412",BOSOK_002,11,24.882961,59.685413,91.446487,0.0,31.834101,29.246317,15.964996,18.080751,28.896757,14.724418,28.369324,17.933836,55.557983,54.957306,59.797665,56.777615,25.071474,26.1077,anomali,8.0,c,3,2.107827592991785,1.9583816454767673,0.9494953608146135,0.5437731800000001,0.3564637716658588
"2026-08-28T17:27:15,689",BOSOK_002,12,155.933228,185.584335,190.434952,0.0,61.497692,43.869473,17.509996,22.098696,39.299591,19.772791,41.540794,22.938627,88.423271,76.940231,72.554497,62.571247,34.243965,56.716728,anomali,8.0,d,3,1.7465838407942225,2.1285883393109097,0.8624033101072549,0.93764954,0.27182278961690104
"2026-08-28T17:27:28,848",BOSOK_002,13,34.006714,69.011261,95.217476,42.956512,30.387096,25.068272,15.964996,20.591967,25.429148,14.30372,31.408895,16.682638,50.862942,51.575317,53.419247,49.825253,25.071474,28.808496,anomali,8.0,e,3,1.7007675689426294,1.619379663187876,0.9327208163902391,0.38908093999999993,0.25946989862516395
"2026-08-28T17:27:42,221",BOSOK_002,14,16.588642,33.573044,71.648796,0.0,25.32258,22.979248,17.509996,22.098696,27.740889,13.883022,24.316565,17.516769,46.167904,49.038826,58.20306,55.618889,23.848475,24.307169,anomali,8.0,f,3,2.3935550134013526,1.8986186993850902,0.9556006066346672,0.43702678,0.4106476597963623
"2026-08-28T17:27:53,942",BOSOK_002,15,14.929777,39.168552,80.133522,0.0,26.769585,24.371929,15.449996,18.080751,24.273277,13.041628,25.329754,17.099705,43.037876,44.81134,52.621944,50.983978,22.625477,21.606373,anomali,8.0,g,3,2.0774747052518925,1.6991029209747077,0.9688727636377774,0.3541624399999999,0.35011663888108774
"2026-08-28T17:28:22,006",BOSOK_002,16,10.782617,24.2472,85.790001,58.493973,24.599077,20.890226,20.084995,26.116642,25.429148,16.827906,34.448463,21.270363,43.037876,44.81134,55.013851,53.301434,26.905972,24.307169,anomali,8.0,h,3,1.5969895385493575,1.2493406021218996,0.9688728082546323,0.17178826,0.22987764100561492
"2026-08-28T17:30:16,308",BOSOK_003,17,25.712395,58.752831,78.248024,0.0,25.32258,20.890226,13.389997,17.076265,24.273277,12.200233,30.395704,16.682638,40.690353,43.120346,53.419247,48.666527,23.848475,25.207434,anomali,7.0,a,3,1.757459851082952,1.3386871912270264,0.9110296498508019,0.20589298000000006,0.2746949079890403
"2026-08-28T17:30:44,208",BOSOK_003,18,36.49501,54.089905,72.591545,0.0,25.32258,21.586567,14.934997,27.623371,24.273277,148.506271,31.408895,17.933836,53.99297,60.875786,64.581474,61.412521,31.186468,79.223366,anomali,6.5,b,3,2.0561517187561935,1.7190338217776135,0.9509307807172718,0.45168149999999996,0.3455823317459763
"2026-08-28T17:31:11,755",BOSOK_003,19,26.541826,48.4944,70.706047,0.0,25.32258,20.890226,14.419996,24.10767,20.805666,84.560226,26.342943,16.265572,47.732918,49.884323,60.594967,57.93634,30.574968,57.616993,anomali,7.0,c,3,2.30023441183682,1.8119805323268046,0.9561244655642002,0.42779949999999994,0.39398255674853955
"2026-08-28T17:31:42,002",BOSOK_003,20,26.541826,56.887661,81.076271,0.0,28.940092,22.979248,18.024996,25.614399,26.585018,16.407209,31.408895,17.933836,52.427956,55.802803,62.189571,61.412521,28.740471,30.609028,anomali,7.5,d,3,1.9799980610594352,1.669206742482745,0.9875049809388489,0.42038122,0.3288587305630916
"2026-08-28T17:31:59,716",BOSOK_003,21,16.588642,36.3708,66.935059,0.0,25.32258,20.193886,20.599995,32.143559,26.585018,21.034883,29.382515,21.270363,46.167904,48.193329,64.581474,62.571247,33.632465,32.409557,anomali,7.5,e,3,2.197955213175178,1.5712708148806136,0.9688728583567389,0.33570777999999996,0.3746004786365042
"2026-08-28T17:32:43,077",BOSOK_003,22,61.377972,42.898891,65.049561,0.0,26.046082,16.015841,13.389997,42.690662,18.493925,81.194649,28.369324,12.929045,29.73526,31.28339,40.662411,40.555439,26.905972,90.926819,anomali,7.0,f,3,1.4333227209352184,1.0481479755569871,0.9973690204033842,0.02731872000000003,0.17807875202922946
"2026-08-28T17:33:46,369",BOSOK_003,23,52.254219,39.168552,65.049561,0.0,23.875576,15.319499,13.389997,38.170475,18.493925,66.47023,28.369324,12.511978,28.952753,31.28339,39.865108,39.396713,25.071474,73.82177,anomali,7.0,g,3,1.4052183248291976,1.0205651285292776,0.9882502542699108,0.011668580000000048,0.16847480045341326
"2026-08-28T17:34:04,936",BOSOK_003,24,12.441481,30.775291,51.851101,0.0,16.640553,14.623158,12.359997,17.076265,16.182184,12.200233,24.316565,12.094913,30.517767,32.128887,39.865108,38.237984,18.95648,19.805841,anomali,7.0,h,3,1.6394211767076572,1.2550191381804385,0.959184016462713,0.12402403999999997,0.24225826237682171
"2026-08-28T17:35:51,065",BOSOK_004,25,11.612049,26.112368,72.591545,0.0,21.705069,18.801203,12.874997,14.062807,23.117407,12.200233,27.356134,13.34611,33.647793,34.665379,41.459713,41.714165,17.121983,16.204779,anomali,9.5,a,3,1.5155539830467335,1.2299903451305125,1.0061370887596137,0.12583318,0.20494664478275695
"2026-08-28T17:36:13,634",BOSOK_004,26,8.294321,19.584276,73.534286,0.0,18.81106,13.926817,10.814998,12.556078,18.493925,13.041628,17.224232,11.26078,24.257711,26.210407,34.283993,33.603077,14.064486,13.503983,anomali,9.0,b,3,1.9904500296732943,1.4083470843013004,0.98013866700455,0.14066958,0.33120453457587895
"2026-08-28T17:36:50,226",BOSOK_004,27,7.464889,21.449446,76.362534,0.0,21.705069,17.408522,12.359997,13.560564,19.649796,12.200233,24.316565,11.677847,25.822725,25.36491,31.892088,32.444351,13.452986,11.703452,anomali,9.0,c,3,1.311537007164866,1.0619392328072517,1.0173162957168889,0.030123199999999954,0.13477500790225166
"2026-08-28T17:37:08,818",BOSOK_004,28,6.635457,18.651691,79.190773,56.666035,21.705069,18.104862,12.359997,12.556078,20.805666,13.041628,23.303373,10.843715,23.475204,24.519413,30.297483,30.126898,12.229987,10.803186,anomali,9.0,d,3,1.3001323885034202,1.0073732213043918,0.9943693361031555,0.003436620000000019,0.1304850186562284
"2026-08-28T17:37:36,455",BOSOK_004,29,6.635457,17.719107,64.106819,49.35429,20.258064,17.408522,12.874997,13.560564,20.805666,11.358837,18.237423,12.094913,26.605232,27.901402,35.081295,34.761803,14.064486,12.603717,anomali,9.5,e,3,1.92358732722966,1.45882548273104,0.9908925280858281,0.16735618000000002,0.31590911171024183
"2026-08-28T17:38:42,981",BOSOK_004,30,7.464889,18.651691,73.534286,0.0,18.087557,13.926817,10.299997,11.551591,16.182184,10.517442,14.184662,10.843715,25.040218,25.36491,31.892088,31.285624,14.064486,12.603717,anomali,9.5,f,3,2.2483486399967516,1.7653011645246361,0.9809835652706196,0.21711112,0.38430275913497386
"2026-08-28T17:39:21,040",BOSOK_004,31,7.464889,19.584276,59.393078,0.0,18.087557,16.712181,11.844997,12.556078,17.338055,9.255348,21.276993,10.843715,28.170246,28.746899,35.081295,35.920532,14.675985,13.503983,anomali,9.0,g,3,1.648789305523903,1.3239762197711773,1.0239223426836601,0.13786505999999996,0.244938234295152
"2026-08-28T17:40:09,043",BOSOK_004,32,7.464889,19.584276,64.106819,0.0,19.534561,16.712181,11.329997,12.053835,17.338055,9.676046,22.290184,10.843715,26.605232,27.901402,34.283993,34.761803,14.064486,12.603717,anomali,9.0,h,3,1.5380751284623186,1.193584587016156,1.013936528940334,0.08630096000000002,0.21200143804099209
"2026-08-28T17:43:31,767",BOSOK_005,33,15.75921,35.438213,67.877808,0.0,23.875576,20.193886,21.629995,28.627857,28.896757,17.248604,36.474846,23.355694,54.775478,58.339294,71.757195,69.523605,31.186468,28.808496,anomali,6.0,a,3,1.9673057790824449,1.501732535969436,0.9688728121447875,0.36601264,0.32598799222607355
"2026-08-28T17:43:59,412",BOSOK_005,34,95.384689,142.68544,134.812866,0.0,52.815666,41.780453,14.934997,22.098696,38.143719,23.138371,50.659508,25.441023,86.075752,82.858704,83.716728,76.475967,34.855465,38.711418,anomali,7.0,b,3,1.6525370020299046,1.69910325637129,0.913508682098913,0.7083248799999998,0.24600493750956548
"2026-08-28T17:44:53,710",BOSOK_005,35,109.485031,173.460739,164.980774,0.0,53.539169,37.602406,18.024996,23.605425,40.45546,21.876278,46.606747,24.606892,92.335808,88.777184,86.108635,78.793427,35.466965,45.013275,anomali,6.5,c,3,1.8475568896587249,1.9811678379596331,0.915046648335948,0.9145812200000001,0.29764360715598087
"2026-08-28T17:46:04,814",BOSOK_005,37,31.518419,69.011261,82.019012,0.0,32.557602,27.853634,18.539995,24.10767,30.052628,15.565813,28.369324,20.853298,64.165558,64.257774,70.16259,66.047432,29.351971,30.609028,anomali,6.5,e,3,2.4731842488794413,2.261792892282914,0.9413481256395858,0.7159246800000001,0.4241596459640836
"2026-08-28T17:46:26,549",BOSOK_005,38,36.49501,80.202271,100.873962,0.0,34.728111,27.853634,22.144995,31.641315,32.364368,18.931395,36.474846,22.938627,67.295586,70.176254,76.541008,70.682335,31.797968,33.309826,anomali,6.5,f,3,2.0984594976879416,1.8449856525821513,0.9234569495796356,0.6164148,0.35451803474245
"2026-08-28T17:46:43,861",BOSOK_005,39,38.983307,82.067444,93.331985,0.0,30.387096,27.853634,15.964996,19.587481,25.429148,12.200233,34.448463,18.350903,68.078094,71.021751,69.365288,66.047432,28.128971,30.609028,anomali,6.5,g,3,2.013595435710605,1.9762296575526002,0.9521682152940508,0.67259262,0.33634100781687326
"2026-08-28T17:47:48,060",BOSOK_005,40,48.936493,85.797783,90.503738,0.0,36.175114,28.549974,13.904997,18.582994,28.896757,15.565813,43.567177,22.938627,82.163216,83.704201,86.905937,85.745781,36.078465,38.711418,anomali,6.5,h,3,1.9947566731815847,1.8858967415086956,0.9866503267031886,0.7719207800000001,0.3321661861947905
"2026-08-28T17:48:53,419",BOSOK_006,41,12.441481,20.516861,66.935059,37.472702,17.364056,13.230476,14.934997,20.089724,21.961536,13.883022,23.303373,17.933836,80.598206,96.386658,90.892448,61.412521,30.574968,22.506638,anomali,7.5,a,3,3.9003971225980365,3.4586483001202017,0.675661351352166,1.14589666,0.5918698993486023
"2026-08-28T17:49:10,760",BOSOK_006,42,11.612049,23.314615,56.564838,0.0,20.981565,19.497543,15.449996,19.085238,25.429148,13.041628,30.395704,19.6021,47.732918,52.420815,69.365288,60.253796,25.682974,22.506638,anomali,7.5,b,3,2.2820746372333947,1.570383179681188,0.8686446643680532,0.34674428,0.3906294365407437
"2026-08-28T17:49:41,004",BOSOK_006,43,10.782617,19.584276,60.335827,0.0,18.81106,15.319499,15.449996,19.085238,20.805666,12.200233,25.329754,20.019165,49.297932,52.420815,75.743706,59.095066,29.963469,21.606373,anomali,8.0,c,3,2.990304449737471,1.9462452157074974,0.7801976074160396,0.47936356,0.49878521040189866
"2026-08-28T17:49:56,187",BOSOK_006,44,12.441481,23.314615,71.648796,0.0,26.769585,18.801203,36.049992,70.816277,50.858295,42.91116,26.342943,32.948212,60.253025,62.56678,113.216911,81.110878,44.639454,33.309826,anomali,8.5,d,3,4.2978063621037474,2.287254014384796,0.7164201011967107,0.67820164,0.6224853300229641
"2026-08-28T17:50:10,489",BOSOK_006,45,13.270913,23.314615,58.450333,0.0,20.981565,17.408522,18.539995,24.609913,27.740889,15.565813,29.382515,20.853298,45.385395,48.193329,70.959892,60.253796,28.128971,25.207434,anomali,7.5,e,3,2.415037237269431,1.544639032894552,0.8491245661528676,0.3200576,0.4143549482169639
"2026-08-28T17:50:23,477",BOSOK_006,46,13.270913,27.977537,64.106819,42.042542,21.705069,18.104862,15.449996,20.591967,25.429148,14.724418,29.382515,18.350903,48.515423,53.266312,66.973381,61.412521,26.294474,23.406904,anomali,8.7,f,3,2.2793609807189816,1.65116588856812,0.9169689645847556,0.3826581599999999,0.39012518858989303
"2026-08-28T17:50:37,683",BOSOK_006,47,14.929777,36.3708,70.706047,0.0,23.875576,20.193886,12.874997,17.076265,24.273277,14.724418,31.408895,19.6021,64.165558,73.558243,80.527519,66.047432,25.682974,22.506638,anomali,7.5,g,3,2.563843566020528,2.042909741679947,0.8201845110632912,0.65513326,0.4388082292141117
"2026-08-28T17:50:55,280",BOSOK_006,48,11.612049,22.38203,58.450333,0.0,18.81106,16.015841,16.994995,23.103182,24.273277,16.827906,32.422085,24.606892,53.210464,60.875786,78.932915,72.999786,31.797968,24.307169,anomali,8.0,h,3,2.4345408586335946,1.6411790786499143,0.9248331542255656,0.41576757999999997,0.4176806234402924
"2026-08-28T17:51:21,059",BOSOK_007,49,12.441481,27.044952,64.106819,0.0,25.32258,22.282907,30.384993,62.780388,31.208498,36.600697,26.342943,22.521561,55.557983,60.030289,78.135612,70.682335,33.020966,29.708761,anomali,6.5,a,3,2.966091614710013,2.1090263874365185,0.9046108956552492,0.5843008,0.49572530978004903
"2026-08-28T17:51:35,910",BOSOK_007,50,13.270913,25.179783,69.763298,0.0,25.32258,25.068272,26.779993,35.65926,34.676109,19.772791,30.395704,26.275154,58.688011,64.257774,85.311333,75.317245,33.632465,29.708761,anomali,6.5,b,3,2.8066895549813373,1.9307988948705073,0.8828514749791243,0.5658461400000001,0.4746091999046524
"2026-08-28T17:51:42,990",BOSOK_007,51,12.441481,25.179783,72.591545,0.0,26.046082,24.371929,23.174994,35.157017,32.364368,24.400465,23.303373,21.687429,49.297932,50.72982,69.365288,59.095066,29.963469,27.007965,anomali,6.0,c,3,2.9766188025146394,2.1154839192232306,0.8519399138168482,0.51989118,0.49706027401644726
"2026-08-28T17:51:54,428",BOSOK_007,52,15.75921,33.573044,81.076271,0.0,26.046082,22.979248,21.629995,28.627857,31.208498,16.827906,28.369324,19.185034,50.080437,51.575317,65.378777,55.618889,26.905972,27.908232,anomali,7.5,d,3,2.3045580484899646,1.7653018220307888,0.8507176647373406,0.4342222600000001,0.3947754531288636
"2026-08-28T17:52:04,675",BOSOK_007,53,27.371258,61.550583,88.618248,0.0,32.557602,28.549974,19.054995,24.10767,32.364368,15.565813,33.435276,20.019165,59.47052,59.184792,66.176079,57.93634,28.128971,27.908232,anomali,7.5,e,3,1.9792287405587017,1.7786753790591172,0.8754875193667006,0.5207048799999999,0.32868541656868167
"2026-08-28T17:52:29,645",BOSOK_007,54,52.254219,97.921379,115.957916,0.0,34.728111,25.764612,16.994995,20.089724,28.896757,13.041628,31.408895,18.350903,60.253025,63.412277,64.581474,56.777615,26.294474,36.910885,anomali,7.5,f,3,2.0561517187561935,1.9183421071189843,0.8791624391907747,0.5768826,0.3455823317459763
"2026-08-28T17:53:49,394",BOSOK_007,55,22.394667,43.831474,69.763298,42.042542,26.769585,24.371929,15.964996,19.587481,25.429148,13.462325,29.382515,17.099705,52.427956,54.957306,60.594967,55.618889,25.071474,28.808496,anomali,7.5,g,3,2.0622790927600674,1.7843243900924104,0.9178795298494792,0.46090882,0.346891776001047
"2026-08-28T17:53:59,899",BOSOK_007,56,18.247505,41.966305,65.99231,0.0,26.046082,25.068272,19.054995,23.605425,28.896757,14.30372,25.329754,21.687429,57.122997,63.412277,76.541008,71.841064,29.351971,27.908232,anomali,7.5,h,3,3.0217813320329396,2.2551728867272507,0.9385956167972576,0.63586486,0.5027080191362444
"2026-08-28T17:54:28,963",BOSOK_008,57,5.806025,12.1236,64.106819,0.0,16.640553,13.230476,12.359997,14.062807,19.649796,9.676046,21.276993,12.929045,28.170246,29.592396,39.865108,39.396713,15.898984,13.503983,anomali,8.5,a,3,1.8736242129589398,1.3239762197711773,0.9882502542699108,0.13786505999999996,0.30401493661218204
"2026-08-28T17:54:39,119",BOSOK_008,58,6.635457,13.988769,65.04009561,0.0,18.087557,13.926817,11.329997,13.058321,17.338055,9.676046,19.250612,12.929045,28.170246,30.437893,39.067806,41.714165,15.898984,14.404248,anomali,9.0,b,3,2.0294308412476227,1.4633421195429426,1.0677373160557528,0.17839267999999997,0.339810154004837
"2026-08-28T17:54:59,083",BOSOK_008,59,5.806025,13.056184,60.335827,0.0,15.193548,11.837794,10.299997,11.551591,16.182184,8.413953,22.290184,11.677847,26.605232,28.746899,35.878597,38.237984,15.287484,13.503983,anomali,8.5,c,3,1.6096134919238478,1.193584587016156,1.0657599945282155,0.08630096000000002,0.23360315327853384
"2026-08-28T17:55:08,516",BOSOK_008,60,6.635457,14.921353,56.56004838,43.87048,18.087557,14.623158,9.784998,11.049348,15.026314,9.255348,25.329754,10.426649,27.387739,28.746899,33.486691,35.920532,14.064486,12.603717,anomali,8.5,d,3,1.322029332764411,1.081247302580474,1.072680524725323,0.04115969999999997,0.1386846079043696
"2026-08-28T17:55:19,853",BOSOK_008,61,5.806025,14.921353,62.221321,0.0,16.640553,15.319499,11.329997,11.551591,17.338055,8.834651,22.290184,10.843715,25.040218,26.210407,31.892088,32.444351,12.841487,11.703452,anomali,9.0,e,3,1.4307676281328015,1.123373713122461,1.0173162957168889,0.05500067999999999,0.17721483196296534
"2026-08-28T17:55:29,268",BOSOK_008,62,6.635457,19.584276,42.4200363,0.0,11.576036,9.052431,10.299997,11.049348,15.026314,8.413953,13.171472,10.009583,20.345177,22.828419,30.297483,32.444351,13.452986,11.703452,anomali,9.0,f,3,2.300233413369885,1.5446384089504888,1.070859262183838,0.1434741,0.3939824884259378
"2026-08-28T17:55:38,017",BOSOK_008,63,9.123753,24.2472,45.251869,0.0,14.470046,13.230476,6.694998,8.03589,12.714574,7.572558,20.263803,7.924253,24.257711,27.055904,28.702879,31.285624,12.229987,12.603717,anomali,9.5,g,3,1.4164599229177648,1.197095087681672,1.0899817088098693,0.07987816000000002,0.17234319198037718
"2026-08-28T17:55:50,765",BOSOK_008,64,7.464889,19.584276,45.25001869,0.0,13.746543,11.141454,6.694998,8.538133,11.558703,7.993256,13.171472,7.924253,24.257711,26.210407,31.094786,33.603077,12.841487,11.703452,anomali,9.0,h,3,2.360765933552504,1.8416842539055212,1.0806656200606686,0.22172478,0.40489778808550103
"2026-08-28T17:57:53,590",BOSOK_009,65,9.953185,22.38203,52.79385,0.0,18.81106,16.712181,15.449996,18.582994,18.493925,10.517442,21.276993,14.597308,36.777821,39.738361,53.419247,49.825253,23.236977,20.706106,anomali,9.5,a,3,2.510656552522928,1.7285245013125206,0.9327208163902391,0.31001656000000005,0.43030612647890615
"2026-08-28T17:58:15,536",BOSOK_009,66,28.200691,28.910122,56.50064838,0.0,20.981565,18.104862,11.844997,14.56505,17.338055,15.986511,20.263803,11.677847,34.430302,37.20187,44.648922,41.714165,18.95648,22.506638,anomali,6.5,b,3,2.2033820584506976,1.6991028292651535,0.9342701635058146,0.28332998,0.3756600149415981
"2026-08-28T17:58:23,580",BOSOK_009,67,13.270913,29.842707,53.736595,0.0,18.81106,17.408522,12.874997,14.062807,17.338055,8.834651,15.197852,12.094913,36.777821,39.738361,48.635433,45.190346,18.95648,18.00531,anomali,9.0,c,3,3.200149665788517,2.4199338696456123,0.9291648890707133,0.4315993800000001,0.5238266487731834
"2026-08-28T17:58:32,799",BOSOK_009,68,19.90637,42.898891,64.10006819,0.0,21.705069,18.801203,11.329997,12.556078,17.338055,7.993256,15.197852,11.26078,38.342834,40.583858,47.040829,44.03162,18.34498,18.00531,anomali,8.5,d,3,3.0952267496572876,2.5229097355930725,0.9360296486208504,0.4628996400000001,0.5116267146428257
"2026-08-28T17:58:47,452",BOSOK_009,69,28.200691,52.224735,72.591545,0.0,23.875576,21.586567,12.359997,13.560564,19.649796,8.834651,23.303373,12.094913,42.255367,44.81134,47.838131,45.190346,19.56798,24.307169,anomali,8.5,e,3,2.0528406111679147,1.8132717897654602,0.944650963757141,0.37903988,0.34487258733346604
"2026-08-28T17:59:00,173",BOSOK_009,70,17.418074,37.303383,69.70063298,0.0,23.152073,20.890226,11.844997,13.058321,19.649796,10.938139,23.303373,12.929045,39.12534,41.429352,49.432735,46.349072,19.56798,19.805841,anomali,9.0,f,3,2.1212686158056964,1.6789553688406529,0.9376188192664598,0.31643934,0.35923503643678095
"2026-08-28T17:59:15,973",BOSOK_009,71,9.953185,25.179783,56.564838,0.0,18.81106,16.712181,10.299997,10.547105,15.026314,8.413953,20.263803,10.009583,33.647793,35.510876,43.054317,40.555439,16.510483,15.304514,anomali,9.0,g,3,2.1246898103530665,1.6604867504452396,0.9419596548332994,0.2676798,0.35993662478661326
"2026-08-28T17:59:41,304",BOSOK_009,72,9.953185,25.179783,53.73006595,0.0,19.534561,18.104862,12.874997,14.56505,16.182184,9.255348,20.263803,11.677847,34.430302,36.356373,45.446224,42.87289,18.95648,18.00531,anomali,8.0,h,3,2.242728157824986,1.6991028292651535,0.9433760782026513,0.28332998,0.3832355321912237
"2026-08-28T18:01:03,217",BOSOK_010,73,8.294321,19.584276,54.67009344,40.214607,16.640553,12.534136,15.964996,19.085238,24.273277,13.883022,26.342943,15.014374,29.73526,31.28339,42.257015,41.714165,18.95648,16.204779,anomali,8.0,a,3,1.604110784390801,1.1287747429075243,0.9871533786394096,0.06784633999999996,0.2319836650652665
"2026-08-28T18:01:12,584",BOSOK_010,74,11.612049,15.853938,42.42363,0.0,13.746543,10.445113,13.904997,18.582994,19.649796,14.30372,18.237423,14.180243,29.73526,31.28339,40.662411,40.555439,18.95648,18.905577,anomali,9.0,b,3,2.229612632435716,1.6304520488163001,0.9973690204033842,0.22995674000000002,0.38073085558596725
"2026-08-28T18:01:29,404",BOSOK_010,75,8.294321,20.516861,51.851101,0.0,15.91705,12.534136,7.209998,10.547105,16.182184,12.200233,22.290184,10.843715,25.822725,27.901402,34.283993,34.761803,15.898984,15.304514,anomali,9.5,c,3,1.5380751284623186,1.1584791500693083,1.013936528940334,0.07065081999999996,0.21200143804099209
"2026-08-28T18:01:37,859",BOSOK_010,76,9.953185,27.977537,57.507584,0.0,17.364056,14.623158,9.784998,12.053835,17.338055,12.200233,22.290184,11.26078,28.170246,30.437893,37.473202,38.237984,16.510483,15.304514,anomali,9.5,d,3,1.681151900248154,1.2637954609098512,1.0204084987430486,0.11760123999999998,0.25405212916615383
"2026-08-28T18:01:55,165",BOSOK_010,77,9.953185,26.112368,51.85001101,0.0,18.087557,16.015841,11.329997,12.556078,18.493925,10.096744,14.184662,10.843715,28.952753,30.437893,35.878597,35.920532,15.898984,14.404248,anomali,9.0,e,3,2.5293920789990776,2.04112953757408,1.0011685236274641,0.29536182000000005,0.43333037241335554
"2026-08-28T18:02:06,332",BOSOK_010,78,12.441481,27.977537,57.507584,0.0,18.81106,17.408522,11.329997,14.56505,18.493925,18.931395,21.276993,11.26078,32.082779,32.974384,38.270504,37.079258,17.121983,18.00531,anomali,9.5,f,3,1.7986792594802943,1.5078617510182237,0.9688727462609987,0.21611572,0.28537737104594485
"2026-08-28T18:02:15,362",BOSOK_010,79,9.123753,25.179783,67.877808,0.0,20.981565,16.712181,12.874997,14.56505,20.805666,13.462325,25.329754,12.929045,30.517767,32.128887,39.865108,40.555439,17.121983,16.204779,anomali,9.5,g,3,1.573844430607407,1.2048184499468688,1.017316416823349,0.10376025999999997,0.2229524125762529
"2026-08-28T18:02:26,960",BOSOK_010,80,7.464889,17.719107,87.675499,0.0,20.258064,15.319499,14.419996,17.578508,23.117407,14.724418,22.290184,15.014374,31.300274,32.974384,43.85162,42.87289,18.95648,16.204779,anomali,8.5,h,3,1.967305443819825,1.4042172086972415,0.9776806472188149,0.18020180000000002,0.32598797486866626
"2026-08-29T14:20:19,415",BOSOK_011,81,14.100346,33.573044,54.679344,0.0,20.258064,15.319499,14.419996,18.080751,18.493925,13.883022,26.342943,15.43144,43.037876,47.347832,52.621944,52.142708,23.848475,23.406904,anomali,8.5,a,3,1.9975719502669271,1.6337529053785274,0.9908926605043971,0.3338986599999999,0.3327934563126195
"2026-08-29T14:21:08,719",BOSOK_011,82,14.929777,34.50563,59.393078,0.0,18.81106,16.015841,11.844997,16.071779,17.338055,10.517442,25.329754,13.763176,43.820381,49.038826,51.824642,50.983978,22.013977,21.606373,anomali,5.5,b,3,2.0459978229564237,1.729995628857813,0.9837784921353645,0.3698125399999999,0.34340084220206424
"2026-08-29T14:21:59,597",BOSOK_011,83,110.314468,160.404541,167.809021,0.0,50.645161,36.209724,12.359997,17.076265,27.740889,13.883022,39.514416,17.516769,93.900818,93.850166,79.730217,75.317245,33.020966,57.616993,anomali,6.0,c,3,2.0177495935281966,2.376368013039086,0.9446510794456913,1.08772804,0.3372545716791655
"2026-08-29T14:22:21,008",BOSOK_011,84,137.68573,195.842758,212.118149,0.0,65.115204,31.335339,12.874997,17.578508,25.429148,14.724418,36.474846,17.516769,115.811012,99.768646,82.919426,78.793427,36.078465,101.730003,anomali,7.0,d,3,2.273331140772701,3.175091685077523,0.9502407493461483,1.5867233200000002,0.38900171115397303
"2026-08-29T14:22:45,788",BOSOK_011,85,20.735802,44.764061,69.763298,0.0,19.534561,16.015841,11.844997,14.56505,15.026314,10.517442,21.276993,12.929045,43.037876,51.575317,54.216549,52.142708,23.848475,26.1077,anomali,7.0,e,3,2.5481290292622507,2.022741454705815,0.9617487528118485,0.43521765999999995,0.4363227736323758
"2026-08-29T14:23:35,693",BOSOK_011,86,12.441481,27.977537,68.820549,0.0,19.534561,18.104862,12.874997,17.076265,17.338055,9.676046,24.316565,13.763176,44.60289,49.884323,56.608456,55.618889,23.848475,22.506638,anomali,5.5,f,3,2.3279781794927943,1.8342587309273612,0.9825189221696982,0.40572650000000005,0.3990346447936485
"2026-08-29T14:23:55,445",BOSOK_011,87,13.270913,29.842707,70.706047,0.0,23.875576,20.193886,21.629995,34.152531,21.961536,18.09,26.342943,20.019165,52.427956,56.6483,66.176079,64.888702,30.574968,27.908232,anomali,6.0,g,3,2.5120979792963984,1.9902080074318167,0.9805460398241423,0.52170026,0.4305399131283604
"2026-08-29T14:24:15,540",BOSOK_011,88,16.588642,40.101135,74.477036,0.0,26.769585,23.675589,17.509996,23.103182,24.273277,15.986511,24.316565,20.436232,59.47052,61.721283,67.770683,64.888702,29.963469,28.808496,anomali,7.0,h,3,2.78701597572849,2.4456783079031483,0.9574743761289262,0.7030791,0.47187981207997315
"2026-08-29T14:25:47,134",BOSOK_012,89,43.9599,81.134857,92.389236,0.0,31.110598,25.764612,14.419996,18.582994,21.961536,11.779534,31.408895,18.350903,81.380707,87.931686,89.297844,82.2696,35.466965,36.01062,anomali,7.0,a,3,2.8430740899754383,2.591007454732981,0.921294256410686,0.99943624,0.4795833661297596
"2026-08-29T14:26:27,313",BOSOK_012,90,73.819458,124.966331,143.297592,0.0,38.345619,27.853634,14.419996,19.587481,23.117407,12.62093,27.356134,18.767967,95.465836,99.768646,90.892448,81.110878,36.68996,48.614338,anomali,6.0,b,3,3.3225606649826087,3.4897402206977706,0.8923829301656689,1.3621940399999999,0.5373113787266067
"2026-08-29T14:27:20,659",BOSOK_012,91,90.408096,148.280945,173.4655,0.0,42.686634,27.157293,13.389997,18.080751,23.117407,12.62093,33.435276,19.185034,95.465836,98.077652,92.487053,79.952148,36.078465,56.716728,anomali,5.5,c,3,2.766151095582074,2.8552420936372425,0.8644684500360876,1.2406111999999998,0.4689539399359473
"2026-08-29T14:27:56,906",BOSOK_012,92,48.107059,83.000031,100.873962,0.0,30.387096,22.979248,13.904997,18.080751,21.961536,11.358837,30.395704,17.099705,78.250679,82.013206,82.122124,72.999786,32.409466,39.611683,anomali,6.0,d,3,2.7017665714317487,2.574398449728801,0.8889173045600592,0.9570995000000002,0.45971750719205967
"2026-08-29T14:28:16,445",BOSOK_012,93,47.27763,88.595535,116.900665,34.730797,29.663593,22.282907,13.904997,17.578508,21.961536,10.938139,31.408895,17.933836,68.078094,72.712746,75.743706,66.047432,28.740471,29.708761,anomali,6.0,e,3,2.41153602776028,2.167477471755223,0.8719856311248315,0.7333839799999998,0.41375390283303504
"2026-08-29T14:28:36,215",BOSOK_012,94,38.983307,78.337105,111.244179,0.0,29.663593,23.675589,15.964996,21.596453,24.273277,12.62093,28.369324,20.436232,75.90316,77.785728,78.932915,66.047432,31.797968,36.01062,anomali,6.0,f,3,2.7823323240510334,2.675535491950569,0.8367538894574096,0.95067672,0.47122582677647323
"2026-08-29T14:29:01,231",BOSOK_012,95,34.836147,63.415752,87.675499,0.0,26.769585,20.890226,15.964996,20.089724,25.429148,13.041628,32.422085,19.185034,69.643105,75.249237,78.135612,66.047432,29.351971,36.01062,anomali,5.5,g,3,2.4099495112823517,2.1480137233574816,0.8452922023197051,0.7444204000000001,0.4134811424770233
"2026-08-29T14:29:17,152",BOSOK_012,96,14.100346,29.842707,54.679344,34.730797,21.705069,16.712181,22.144995,42.690662,24.273277,22.296976,26.342943,20.019165,55.557983,61.721283,79.730217,64.888702,29.963469,26.1077,anomali,6.0,h,3,3.0266241222083186,2.1090263874365185,0.8138532203100337,0.5843008,0.5033061046445579
"2026-08-29T14:30:14,866",BOSOK_013,97,14.100346,30.775291,74.477036,0.0,22.42857,16.712181,18.024996,24.10767,24.273277,15.565813,32.422085,21.687429,53.210464,60.030289,82.919426,63.729973,27.517471,25.207434,anomali,6.5,a,3,2.5574974720171535,1.6411790786499143,0.7685770197472158,0.41576757999999997,0.43780713625234746
"2026-08-29T14:30:39,424",BOSOK_013,98,25.712395,52.224735,86.73275,0.0,28.216589,22.282907,19.569996,28.627857,30.052628,17.248604,34.448463,25.023956,66.513077,72.712746,89.297844,70.682335,30.574968,27.007965,anomali,6.5,b,3,2.59221487117876,1.9307989936157692,0.7915345311657769,0.6412922799999999,0.4432405127661294
"2026-08-29T14:31:01,645",BOSOK_013,99,53.083652,83.93261,105.5877,0.0,34.728111,25.764612,20.084995,27.121128,32.364368,18.510696,39.514416,24.606892,77.468178,83.704201,90.892448,78.793427,34.855465,42.312481,anomali,7.0,c,3,2.300234552312616,1.960503690474967,0.8668863042519984,0.7590752399999999,0.3939825442023862
"2026-08-29T14:31:23,705",BOSOK_013,100,18.247505,39.168552,79.190773,0.0,25.32258,20.193886,20.084995,34.152531,25.429148,25.241859,31.408895,21.687429,57.122997,64.257774,83.716728,70.682335,30.574968,27.908232,anomali,6.0,d,3,2.665381935473395,1.8186879485292466,0.8443035011708171,0.5142820399999999,0.4543543573827733
"2026-08-29T14:31:42,105",BOSOK_013,101,29.030123,41.966305,65.99231,0.0,25.32258,17.408522,22.144995,38.672718,24.273277,26.503952,30.395704,20.853298,59.47052,69.330757,87.703239,72.999786,33.632465,45.013275,anomali,6.5,e,3,2.8853817679689975,1.9565429520754145,0.8323498482935335,0.5814963200000001,0.4852501528950896
"2026-08-29T14:31:59,482",BOSOK_013,102,23.224098,49.426983,83.90451,0.0,28.216589,22.979248,19.569996,34.654774,26.585018,19.352093,26.342943,21.687429,65.730576,73.558243,86.108635,72.999786,32.409466,29.708761,anomali,7.0,f,3,3.2687540762799068,2.4951863217460852,0.8477637291818957,0.7877526599999999,0.5314793064549697
"2026-08-29T14:32:20,005",BOSOK_013,103,53.913086,89.528122,114.072426,0.0,35.451611,26.460953,19.054995,26.618885,28.896757,18.09,36.474846,22.938627,74.33815,79.476723,86.108635,75.317245,34.243965,36.910885,anomali,6.5,g,3,2.360766962315081,2.03806561977928,0.8746769270379298,0.75726608,0.40489782592339457
"2026-08-29T14:32:40,407",BOSOK_013,104,14.100346,31.707876,64.106819,0.0,23.875576,19.497543,19.569996,27.623371,28.896757,18.09,37.488037,22.521561,61.035534,71.021751,87.703239,70.682335,29.963469,26.1077,anomali,6.5,h,3,2.339498747427413,1.6281332020310366,0.8059260723624959,0.47094994,0.40110780553847813
"2026-08-29T14:34:34,165",BOSOK_014,105,6.635457,16.786522,75.419785,0.0,18.81106,13.926817,15.449996,16.574022,26.585018,13.883022,21.276993,15.014374,34.430302,40.583858,60.594967,49.825253,15.898984,13.503983,anomali,8.0,a,3,2.8479089371750335,1.6181932201635727,0.822267050287023,0.2630661799999999,0.48023730221710786
"2026-08-29T14:35:41,161",BOSOK_014,106,7.464889,14.921353,58.450333,0.0,17.364056,13.230476,11.329997,12.556078,18.493925,12.62093,20.263803,15.848506,36.777821,39.738361,55.013851,60.253796,17.121983,14.404248,anomali,8.0,b,3,2.7148814983636105,1.814950670932465,1.0952475413423537,0.33028036000000005,0.46162495159254685
"2026-08-29T14:36:20,077",BOSOK_014,107,7.464889,15.853938,58.450333,0.0,16.640553,12.534136,10.299997,12.053835,18.493925,11.358837,27.356134,15.848506,36.777821,38.892864,47.838131,45.190346,16.510483,13.503983,anomali,8.0,c,3,1.7487161567799905,1.3444080788578976,0.944650963757141,0.18843374000000004,0.27238771834690867
"2026-08-29T14:37:03,981",BOSOK_014,108,7.464889,14.921353,48.080112,0.0,16.640553,15.319499,11.844997,12.556078,19.649796,11.358837,26.342943,16.265572,39.12534,45.656837,56.608456,49.825253,18.34498,15.304514,anomali,8.5,d,3,2.1489032000322816,1.4852298449608137,0.8801731705642756,0.25564794,0.36485833531772793
"2026-08-29T14:37:44,613",BOSOK_014,109,6.635457,12.1236,53.736595,0.0,13.023041,11.837794,12.359997,12.053835,13.870444,9.676046,22.290184,15.43144,32.865288,40.583858,62.189571,48.666527,16.510483,11.703452,anomali,8.5,e,3,2.7899968479412967,1.4744280825909366,0.7825511318366979,0.21150207999999998,0.4722951940029663
"2026-08-29T14:38:23,808",BOSOK_014,110,7.464889,13.988769,65.049561,0.0,18.81106,14.623158,26.264994,22.098696,21.961536,11.779534,28.369324,18.767967,35.995316,41.429352,66.176079,52.142708,19.56798,14.404248,anomali,8.5,f,3,2.332662409346656,1.2688107517786638,0.7879387976524269,0.15251984000000007,0.39987931513927605
"2026-08-29T14:39:01,786",BOSOK_014,111,7.464889,14.921353,66.935059,0.0,18.81106,13.926817,11.844997,13.058321,20.805666,12.62093,28.369324,14.180243,35.212807,38.047367,47.040829,45.190346,16.510483,14.404248,anomali,8.0,g,3,1.6581576782874072,1.241227834252295,0.9606619898935049,0.13686965999999998,0.24759931894060486
"2026-08-29T14:39:40,960",BOSOK_014,112,6.635457,15.853938,65.99231,0.0,20.258064,16.712181,11.329997,12.556078,24.273277,13.041628,25.329754,14.180243,33.647793,37.20187,46.243526,45.190346,15.898984,12.603717,anomali,8.0,h,3,1.82565956792965,1.3283895183547703,0.9772251412608238,0.16636077999999999,0.2922007916640411
"2026-08-29T14:41:42,853",BOSOK_015,115,14.929777,24.2472,59.393078,0.0,22.42857,18.104862,43.77499,44.699635,27.740889,19.352093,27.356134,26.275154,75.120659,82.013206,116.40612,88.06324,44.027954,30.609028,anomali,6.0,c,3,4.2552093599156375,2.746025134244066,0.7565172040338425,0.9552905000000002,0.6194253173419695
"2026-08-29T14:42:02,757",BOSOK_015,116,17.418074,30.775291,71.648796,0.0,23.875576,21.586567,26.264994,30.134586,24.273277,25.662558,32.422085,24.606892,85.293243,95.541161,121.987236,90.380692,48.919949,48.614338,anomali,6.0,d,3,3.762472351030986,2.6307134995440604,0.7409027989696562,1.05742316,0.5800501201575698
"2026-08-29T14:42:48,271",BOSOK_015,118,18.247505,39.168552,92.389236,0.0,28.216589,22.282907,64.889984,74.331978,32.364368,34.076511,30.395704,28.360485,71.208122,83.704201,109.2304,89.221962,50.754448,44.11301,anomali,6.5,f,3,3.5936119151535646,2.342702724469641,0.8168234651870299,0.8162483600000001,0.5646128345303659
"2026-08-29T14:43:05,440",BOSOK_015,119,15.75921,26.112368,57.507584,0.0,23.152073,16.712181,30.899992,34.152531,23.117407,18.510696,26.342943,20.853298,65.730576,75.249237,92.487053,79.952148,33.632465,29.708761,anomali,6.0,g,3,3.5108840303514945,2.4951863217460852,0.8644684500360876,0.7877526599999999,0.556628011951796
"2026-08-29T14:44:56,207",BOSOK_016,121,14.100346,30.775291,84.84726,0.0,26.769585,20.890226,50.984985,52.735527,32.364368,25.662558,41.540794,33.365276,79.815697,95.541161,128.365646,89.221962,44.639454,33.309826,anomali,6.0,a,3,3.0901098110667284,1.921380650215629,0.6950610060373158,0.7654980600000001,0.5110156324259614
"2026-08-29T14:45:14,790",BOSOK_016,122,21.565233,57.820244,166.866272,0.0,30.387096,23.675589,27.294992,25.112156,24.273277,15.565813,38.501225,29.194616,87.640762,107.37812,114.811516,85.745781,38.52446,34.210091,anomali,6.5,b,3,2.9820216416434433,2.2763104092634947,0.7468394854363315,0.98279074,0.4977426241604654
"2026-08-29T14:45:47,707",BOSOK_016,123,15.75921,36.3708,109.358688,0.0,28.940092,24.371929,32.444992,34.152531,30.052628,21.034883,43.567177,30.862881,79.815697,94.695663,114.811516,86.90451,40.970459,33.309826,anomali,6.5,c,3,2.6352749375349847,1.8320140109114686,0.7569319303359838,0.7249704,0.4498353481275825
"2026-08-29T14:46:22,532",BOSOK_016,124,19.076937,46.62923,122.557152,0.0,29.663593,26.460953,22.144995,24.10767,28.896757,16.827906,42.553986,28.360485,81.380707,98.077652,113.216911,91.539421,32.409466,28.808496,anomali,6.0,d,3,2.660547108196372,1.912410458467872,0.8085312706923024,0.77653442,0.4536336493180977
"2026-08-29T14:47:01,767",BOSOK_016,125,35.665581,75.539352,180.064728,0.0,40.516129,34.120701,21.114994,22.098696,30.052628,16.407209,35.461655,27.109287,82.163216,96.386658,106.838493,88.06324,33.020966,37.811153,anomali,6.5,e,3,3.012788401221431,2.316958777880283,0.8242650123991347,0.93403122,0.5015935259889169
"2026-08-29T14:47:34,889",BOSOK_016,126,34.836147,61.550583,138.583847,0.0,43.410137,28.549974,21.114994,33.650288,34.676109,58.897671,35.461655,27.526352,93.118309,94.695663,105.243889,90.380692,67.264931,91.82708,anomali,6.0,f,3,2.9678214206806133,2.625886545372305,0.8587736948058148,1.15313308,0.49594512807930796
"2026-08-29T14:48:21,987",BOSOK_016,127,21.565233,45.696644,110.30143,0.0,30.387096,27.853634,19.569996,22.600939,31.208498,16.827906,36.474846,27.943419,80.598206,91.313675,105.243889,90.380692,35.466965,33.309826,anomali,6.0,g,3,2.885381891569359,2.209692232917931,0.8587736948058148,0.8824672000000001,0.4852501551576681
"2026-08-29T14:48:40,144",BOSOK_016,128,15.75921,29.842707,80.133522,0.0,27.493086,22.979248,62.314983,68.305061,35.831982,32.814419,44.580368,37.11887,82.945724,95.541161,129.162949,98.491776,43.416454,35.110355,anomali,6.5,h,3,2.8973049308823713,1.8605881717736892,0.7625388637929857,0.76730712,0.4868249184614728
"2026-08-29T14:50:38,699",BOSOK_017,129,9.953185,17.719107,45.251869,0.0,16.640553,13.926817,15.449996,16.574022,19.649796,11.779534,25.329754,15.848506,39.12534,45.656837,55.811153,53.301434,21.402477,18.905577,anomali,8.0,a,3,2.2033822739130136,1.5446389472874678,0.9550317738406562,0.27591172,0.37566002612467386
"2026-08-29T14:51:28,196",BOSOK_017,130,8.294321,16.786522,52.79385,0.0,14.470046,13.926817,10.299997,11.551591,13.870444,9.676046,20.263803,11.677847,34.430302,43.120346,51.02734,50.983978,17.121983,14.404248,anomali,7.5,b,3,2.5181509521431136,1.6991028292651535,0.9991500244476735,0.28332998,0.43151970062821116
"2026-08-29T14:51:44,544",BOSOK_017,131,13.270913,30.775291,82.961761,43.87048,20.981565,18.104862,23.174994,20.089724,17.338055,11.779534,24.316565,15.014374,48.515423,58.339294,62.986874,61.412521,23.848475,20.706106,anomali,8.0,c,3,2.590285597375453,1.9951585698232583,0.9750049073708742,0.48397715999999996,0.44294136649744503
"2026-08-29T14:52:01,819",BOSOK_017,132,10.782617,27.044952,70.706047,0.0,19.534561,16.712181,13.389997,15.569536,18.493925,11.779534,23.303373,15.848506,48.515423,55.802803,63.784176,61.412521,24.459974,20.706106,anomali,8.0,d,3,2.7371208721068525,2.0819047174395235,0.9628173509966874,0.5042409999999999,0.46482877077769513
"2026-08-29T14:52:27,243",BOSOK_017,133,9.953185,18.651691,51.851101,37.472702,15.91705,14.623158,10.814998,14.062807,15.026314,11.779534,21.276993,13.34611,42.255367,50.72982,57.405758,55.618889,21.402477,19.805841,anomali,7.5,e,3,2.698018983218642,1.9859642356585652,0.9688728317335638,0.41956748,0.45917002073681684
"2026-08-29T14:52:46,041",BOSOK_017,134,8.294321,15.853938,49.965607,0.0,14.470046,13.230476,11.844997,14.062807,13.870444,10.938139,19.250612,12.094913,35.995316,43.120346,51.02734,49.825253,19.56798,18.00531,anomali,8.0,f,3,2.650685260974944,1.8698261282154935,0.9764421040873177,0.33489408000000004,0.4521577902330179
"2026-08-29T14:53:03,804",BOSOK_017,135,10.782617,18.651691,54.679344,0.0,19.534561,18.104862,23.689995,29.632343,20.805666,15.145116,19.250612,17.516769,49.297932,55.802803,62.986874,61.412521,24.459974,21.606373,anomali,8.0,g,3,3.271939680702265,2.56084878711971,0.9750049073708742,0.6009464000000001,0.5318287171584114
"2026-08-29T14:53:16,346",BOSOK_017,136,9.123753,17.719107,67.877808,0.0,18.087557,14.623158,15.964996,19.587481,25.429148,14.30372,33.435276,22.104496,50.080437,54.957306,68.567986,63.729973,23.848475,18.905577,anomali,8.0,h,3,2.0507671446267874,1.4978318713947891,0.9294419658990762,0.33290322000000006,0.34442728464631994
"2026-08-29T14:54:54,733",BOSOK_018,138,9.123753,17.719107,55.622089,63.063816,13.023041,8.356091,6.179998,8.538133,9.246963,10.096744,18.237423,9.592517,29.73526,35.510876,40.662411,41.714165,17.121983,16.204779,anomali,10.0,b,3,2.229612632435716,1.6304520488163001,1.0258652577523606,0.22995674000000002,0.38073085558596725
"2026-08-29T14:55:10,886",BOSOK_018,139,10.782617,20.516861,65.08849561,0.0,15.193548,11.141454,6.694998,9.040376,9.246963,10.517442,15.197852,11.677847,36.777821,46.502335,51.02734,52.142708,19.56798,18.00531,anomali,10.0,c,3,3.35753410578409,2.4199338696456123,1.0218580427946973,0.4315993800000001,0.5410249711280609
"2026-08-29T14:55:29,971",BOSOK_018,140,45.618763,56.887661,119.728905,0.0,68.732719,59.188972,7.724998,10.547105,15.026314,12.200233,18.237423,10.009583,36.777821,38.892864,41.459713,41.714165,19.56798,18.00531,anomali,10.0,d,3,2.2733305175130734,2.0166117128435785,1.0061370887596137,0.37080796000000005,0.3890016785727076
"2026-08-29T14:55:55,712",BOSOK_018,142,9.123753,16.786522,58.450333,0.0,14.470046,9.052431,7.724998,10.044862,12.714574,11.779534,18.237423,10.426649,32.865288,35.510876,43.85162,41.714165,17.733482,16.204779,anomali,10.0,f,3,2.4044842275774228,1.80207861490156,0.9512568860040095,0.2925573,0.41253966299018924
"2026-08-29T14:56:11,230",BOSOK_018,143,9.953185,18.651691,59.393078,0.0,14.470046,9.748772,6.694998,9.040376,9.246963,10.938139,12.158282,9.592517,29.73526,36.356373,41.459713,44.03162,17.121983,16.204779,anomali,10.0,g,3,3.409994841380681,2.4456774027141313,1.0620336271904178,0.35153956000000003,0.5464849167737591
"2026-08-29T14:56:25,229",BOSOK_018,144,9.953185,21.449446,53.736595,0.0,16.640553,11.837794,7.724998,10.547105,12.714574,12.200233,12.158282,9.175451,30.517767,33.819881,41.459713,37.079258,17.121983,16.204779,anomali,10.0,h,3,3.409994841380681,2.510037347351092,0.8943440842573888,0.3671897,0.5464849167737591
"2026-08-29T14:57:45,509",BOSOK_019,146,14.929777,27.977537,76.38862534,0.0,20.258064,15.319499,10.299997,14.56505,15.026314,16.407209,34.448463,16.682638,46.950409,51.575317,57.405758,57.93634,25.682974,28.808496,anomali,8.0,b,3,1.6664238789336177,1.3629169861897799,1.009242485877029,0.25003892000000005,0.24993181860071315
"2026-08-29T14:57:59,900",BOSOK_019,147,19.076937,26.112368,69.763298,0.0,27.493086,22.282907,27.294992,26.116642,30.052628,25.241859,46.606747,23.772758,49.297932,56.6483,73.351799,69.523605,28.740471,28.808496,anomali,8.0,c,3,1.573844732427961,1.057742163866926,0.9478103668854302,0.053823700000000085,0.22295243367217593
"2026-08-29T14:58:17,299",BOSOK_019,148,13.270913,25.179783,60.335827,0.0,20.258064,16.712181,13.904997,18.080751,24.273277,20.193487,27.356134,20.853298,47.732918,55.802803,63.784176,61.412521,26.905972,26.1077,anomali,8.0,d,3,2.3316215911131337,1.7448701103488853,0.9628173509966874,0.40753567999999996,0.39969183781667655
"2026-08-29T14:58:30,705",BOSOK_019,149,14.929777,27.044952,66.935059,0.0,24.599077,16.712181,27.809994,56.753471,41.611332,57.635578,26.342943,52.550308,72.773132,64.257774,78.135612,63.729973,77.04892,77.422836,anomali,8.0,e,3,2.966091614710013,2.762527496442787,0.8156327596649836,0.92860378,0.49572530978004903
"2026-08-29T14:58:41,442",BOSOK_019,150,13.270913,27.044952,72.591545,0.0,20.981565,17.408522,14.934997,20.591967,20.805666,19.352093,21.276993,17.933836,47.732918,60.030289,68.567986,66.047432,28.128971,25.207434,anomali,8.0,f,3,3.2226336575691605,2.243404205000112,0.9632399348524053,0.5291184999999999,0.5263620545381779
"2026-08-29T14:58:57,151",BOSOK_019,151,16.588642,35.438213,97.102974,0.0,23.875576,20.193886,11.844997,15.067293,21.961536,16.407209,26.342943,18.767967,57.122997,71.021751,77.33831,78.793427,27.517471,26.1077,anomali,8.0,g,3,2.9358253799412695,2.1684355964192776,1.0188148255612481,0.6156010799999999,0.49184747103244675
"2026-08-29T14:59:07,320",BOSOK_019,152,14.929777,28.910122,82.961761,0.0,23.152073,16.712181,12.359997,17.578508,21.961536,18.931395,31.408895,19.6021,45.385395,58.339294,68.567986,70.682335,27.517471,26.1077,anomali,8.0,h,3,2.183074704450856,1.4449849493320446,1.030835653998113,0.27953000000000006,0.371676800791895
"2026-08-29T15:00:15,638",BOSOK_020,153,22.394667,43.831474,102.759453,0.0,26.769585,20.193886,33.474991,37.668232,28.896757,17.669302,36.474846,24.606892,67.295586,82.013206,100.460075,86.90451,34.855465,33.309826,anomali,6.0,a,3,2.7542281455477164,1.8449856525821513,0.8650650653938825,0.6164148,0.46726739870340317
"2026-08-29T15:00:34,919",BOSOK_020,154,18.247505,34.50563,83.9880451,0.0,26.046082,20.890226,57.679985,69.81179,35.831982,31.552324,35.461655,24.189825,67.295586,82.013206,99.662773,86.90451,37.91296,32.409557,anomali,6.0,b,3,2.81043693238882,1.8976995581002751,0.8719855836255345,0.63667862,0.47512588359479435
"2026-08-29T15:00:48,968",BOSOK_020,155,25.712395,46.62923,104.644951,0.0,28.940092,22.979248,32.959991,39.174961,30.052628,19.772791,37.488037,23.772758,72.773132,87.931686,99.662773,89.221962,35.466965,36.910885,anomali,6.0,c,3,2.658521341482526,1.9412356157150572,0.8952385164680782,0.7057019000000001,0.4533311284613537
"2026-08-29T15:01:06,292",BOSOK_020,156,25.712395,52.224735,117.843414,43.87048,27.493086,22.282907,28.324993,33.148045,26.585018,16.827906,35.461655,21.270363,68.860603,83.704201,92.487053,83.428329,33.020966,32.409557,anomali,6.0,d,3,2.608085463556209,1.9418322010542932,0.9020540418717805,0.6679789599999999,0.44568948318810037
"2026-08-29T15:01:51,148",BOSOK_020,157,22.394667,41.966305,93.331985,0.0,26.046082,22.282907,23.174994,27.623371,28.896757,15.986511,37.488037,24.189825,74.33815,89.622681,99.662773,90.380692,35.466965,33.309826,anomali,6.0,e,3,2.658521341482526,1.9829827358037615,0.9068650230246931,0.73700226,0.4533311284613537
"2026-08-29T15:02:07,538",BOSOK_020,158,24.05353,43.831474,98.988464,0.0,27.493086,22.979248,27.809994,32.645802,26.585018,17.669302,35.461655,22.104496,68.860603,83.704201,92.487053,85.745781,33.020966,30.609028,anomali,6.0,f,3,2.608085463556209,1.9418322010542932,0.9271110814709295,0.6679789599999999,0.44568948318810037
"2026-08-29T15:02:16,969",BOSOK_020,159,29.859554,55.022491,111.244179,0.0,28.940092,23.675589,19.054995,24.609913,28.896757,15.565813,37.488037,22.938627,73.555641,88.777184,94.081657,89.221962,34.243965,33.309826,anomali,6.0,g,3,2.5096441273667844,1.9621091757594091,0.9483458876212302,0.72135208,0.4301417292844256
"2026-08-29T15:02:28,768",BOSOK_020,160,24.05353,45.696644,93.331985,0.0,24.599077,20.890226,15.964996,19.587481,24.273277,13.462325,36.474846,22.104496,67.295586,76.940231,86.108635,79.952148,29.963469,27.007965,anomali,6.0,h,3,2.360766962315081,1.8449856525821513,0.9285031485514605,0.6164148,0.40489782592339457
"2026-08-29T15:04:12,693",BOSOK_021,161,12.441481,29.842707,83.90451,0.0,24.599077,15.319499,21.629995,23.605425,16.182184,19.352093,19.250612,30.445814,43.820381,51.575317,69.365288,56.777615,43.416454,27.007965,anomali,8.5,a,3,3.603275156511826,2.276309877156177,0.8185305424623129,0.49139537999999994,0.5655268450101115
"2026-08-29T15:04:37,632",BOSOK_021,162,16.588642,60.617996,204.576157,0.0,37.62212,55.707268,11.329997,14.062807,17.338055,15.986511,31.408895,15.43144,53.210464,65.103271,62.986874,64.888702,24.459974,26.1077,anomali,8.5,b,3,2.00538267730123,1.6941203139682839,1.030193873378464,0.43603138,0.33452744746139546
"2026-08-29T15:05:06,408",BOSOK_021,163,29.030123,60.617996,137.641098,0.0,28.216589,22.979248,12.359997,15.067293,18.493925,11.358837,35.461655,17.099705,75.90316,77.785728,76.541008,71.841064,31.186468,41.412212,anomali,8.5,c,3,2.1584155171507033,2.1404285444577966,0.9385956167972576,0.8088301,0.366771184112722
"2026-08-29T15:06:02,634",BOSOK_021,164,15.75921,31.707876,86.73275,0.0,19.534561,16.712181,10.814998,12.556078,16.182184,9.676046,26.342943,13.763176,51.645451,56.6483,57.405758,57.93634,21.402477,27.007965,anomali,8.5,d,3,2.179169434801026,1.9605034788620699,1.009242485877029,0.50605016,0.3709049921974321
"2026-08-29T15:06:27,520",BOSOK_021,165,21.565233,33.573044,73.534286,0.0,22.42857,16.712181,15.449996,18.080751,18.493925,11.358837,27.356134,15.848506,57.122997,55.802803,64.581474,61.412521,23.848475,31.509293,anomali,8.5,e,3,2.3607667074716376,2.088123128756743,0.9509307807172718,0.59533726,0.4048978079897611
"2026-08-29T15:06:54,649",BOSOK_021,166,24.882961,42.898891,93.331985,0.0,26.046082,18.801203,13.904997,16.574022,18.493925,10.938139,26.342943,15.848506,62.600548,61.721283,65.378777,63.729973,25.682974,36.01062,anomali,9.0,f,3,2.481831744527654,2.376367903780567,0.9747805966482675,0.7251521,0.4255898138859787
"2026-08-29T15:07:42,533",BOSOK_021,167,30.688986,52.224735,114.072426,0.0,31.834101,24.371929,11.844997,14.56505,17.338055,12.62093,21.276993,15.014374,75.120659,66.794266,69.365288,64.888702,34.855465,55.816463,anomali,8.5,g,3,3.2601061343084834,3.530603393720441,0.9354634647428457,1.07687332,0.5305282387445391
"2026-08-29T15:07:56,875",BOSOK_021,168,19.076937,38.23597,96.160225,0.0,20.981565,17.408522,10.299997,12.053835,16.182184,9.676046,26.342943,13.763176,53.99297,56.6483,57.405758,57.93634,23.848475,30.609028,anomali,8.5,h,3,2.179169434801026,2.0496172164145756,1.009242485877029,0.55300054,0.3709049921974321
2026-08-29T16:50:35.756,BOSOK_022,303,58.889675,98.853966,72.591545,0.0,34.728111,27.157293,14.934997,20.089724,24.273277,14.30372,32.422085,17.516769,76.685669,74.40374,70.959892,62.571247,29.963469,36.910885,anomali,6.0,a,3,2.188627601023314,2.365228681243454,0.8817831653713388,0.88527168,0.3727710031342306
2026-08-29T16:50:51.140,BOSOK_022,304,24.05353,60.617996,65.049561,0.0,25.32258,19.497543,14.419996,21.09421,19.649796,15.986511,20.263803,16.265572,59.47052,60.030289,66.973381,59.095066,28.128971,30.609028,anomali,6.0,b,3,3.3050729889779387,2.934813897068632,0.882366341581838,0.7841343399999999,0.5354319168037432
2026-08-29T16:51:08.793,BOSOK_022,305,20.735802,47.561813,69.763298,0.0,24.599077,19.497543,15.964996,22.600939,20.805666,13.462325,19.250612,15.848506,51.645451,53.266312,65.378777,56.777615,26.905972,27.007965,anomali,6.5,c,3,3.39619036725151,2.682793885828728,0.8684409363544783,0.6478967800000001,0.5450607654675651
2026-08-29T16:51:23.753,BOSOK_022,306,19.076937,46.62923,63.16407,0.0,28.216589,19.497543,25.234993,71.820763,39.299591,79.932556,23.303373,22.104496,61.818039,62.56678,88.500542,71.841064,36.078465,35.110355,anomali,6.5,d,3,3.797755115641364,2.6527495600102355,0.8117583718573869,0.77029332,0.5831384631621833
2026-08-29T16:51:40.170,BOSOK_022,307,14.929777,23.314615,63.16407,0.0,23.875576,16.015841,26.264994,58.260201,38.143719,66.47023,21.276993,25.023956,61.035534,60.875786,97.270866,74.158516,39.13596,35.110355,anomali,6.5,e,3,4.571643196177582,2.868615189836651,0.7623917769590149,0.7951708199999998,0.6410395533976236
2026-08-29T16:54:42.086,BOSOK_022,308,16.588642,27.977537,71.648796,0.0,26.046082,18.104862,22.144995,34.654774,25.429148,21.45558,22.290184,23.355694,57.122997,60.030289,79.730217,71.841064,37.30146,35.110355,anomali,6.5,f,3,3.576918935743673,2.562696269040996,0.9010517930671388,0.69665626,0.5630249127304535
2026-08-29T16:55:00.223,BOSOK_022,309,21.565233,45.696644,77.305275,0.0,26.769585,19.497543,22.144995,33.148045,24.273277,20.193487,30.395704,24.189825,62.600548,65.948769,82.919426,78.793427,39.13596,37.811153,anomali,7.0,g,3,2.727997309094302,2.059518917700042,0.9502407493461483,0.6440968800000002,0.46351901431706305
2026-08-29T15:47:05.206,AMAN_001,169,22.394667,55.022491,65.99231,0.0,26.046082,22.282907,14.934997,20.591967,20.805666,13.462325,30.395704,18.350903,61.818039,64.257774,72.554497,67.206154,31.797968,31.509293,normal,6.0,a,3,2.386997620782983,2.0337748604951345,0.9262850342295069,0.6284467,0.4095066206323754
2026-08-29T15:47:29.833,AMAN_001,170,49.765923,83.93261,72.591545,0.0,34.728111,28.549974,15.449996,20.089724,24.273277,14.30372,34.448463,19.6021,80.598206,79.476723,82.122124,75.317245,34.855465,36.910885,normal,6.5,b,3,2.383911879054842,2.33967427235454,0.9171369682137096,0.9229948600000002,0.4089681465730162
2026-08-29T15:47:42.939,AMAN_001,171,69.672295,101.651718,82.961761,0.0,39.069122,29.942657,16.994995,23.103182,25.429148,15.986511,36.474846,21.687429,81.380707,84.549698,90.095146,84.587059,37.91296,39.611683,normal,6.5,c,3,2.4700617323890186,2.2311453950633826,0.9388635610997776,0.89811722,0.42364145652774815
2026-08-29T15:48:05.845,AMAN_001,172,34.836147,66.213509,64.106819,0.0,29.663593,24.371929,16.479996,22.600939,24.273277,15.145116,25.329754,19.185034,70.425613,71.867249,78.135612,71.841064,33.020966,34.210091,normal,6.0,d,3,3.0847350966238767,2.7803501445966887,0.9194406105834801,0.90191718,0.5103722621179089
2026-08-29T15:48:21.091,AMAN_001,173,24.882961,62.483166,67.877808,43.87048,27.493086,24.371929,14.934997,19.085238,21.961536,13.462325,30.395704,18.350903,66.513077,70.176254,76.541008,71.841064,32.409466,31.509293,normal,6.0,e,3,2.518151341995125,2.1882386773345743,0.9385956167972576,0.72234746,0.43151971686583035
2026-08-29T15:48:33.441,AMAN_001,174,27.371258,64.348335,64.106819,0.0,28.940092,25.068272,14.934997,19.587481,21.961536,13.883022,25.329754,18.767967,65.730576,68.48526,74.149101,70.682335,31.186468,30.609028,normal,6.0,f,3,2.927350645667287,2.5949936209433297,0.9532458858475051,0.80801644,0.49075094493689686
2026-08-29T15:48:47.485,AMAN_001,175,30.688986,68.078674,64.106819,0.0,28.216589,24.371929,14.934997,19.085238,23.117407,14.30372,24.316565,19.185034,68.860603,69.330757,76.541008,72.999786,33.020966,34.210091,normal,6.5,g,3,3.1476886855981983,2.831838077525309,0.9537341925606476,0.89088076,0.5178038323603293
2026-08-29T15:49:03.453,AMAN_001,176,25.712395,58.752831,64.106819,0.0,27.493086,23.675589,15.449996,20.591967,20.805666,14.30372,29.382515,18.767967,64.948067,65.948769,72.554497,67.206154,31.797968,32.409557,normal,6.0,h,3,2.469307760309912,2.210431778752847,0.9262850342295069,0.7113110399999999,0.42351621768978104
2026-08-29T15:50:22.175,AMAN_002,177,28.200691,49.426983,56.564838,0.0,25.32258,20.193886,17.509996,26.116642,21.961536,26.92465,22.290184,20.436232,65.730576,69.330757,80.527519,76.475967,36.078465,36.910885,normal,7.5,a,3,3.612688117474437,2.948856165181873,0.9496872429799752,0.8688078400000001,0.5664134447339828
2026-08-29T15:50:39.327,AMAN_002,178,32.347851,50.359566,71.648796,0.0,26.046082,20.890226,14.934997,20.089724,20.805666,13.462325,21.276993,18.350903,61.035534,62.56678,73.351799,68.364883,32.409466,33.309826,normal,7.5,b,3,3.447468565004197,2.868615189836651,0.9320135921937522,0.7951708199999998,0.5503060896829275
2026-08-29T15:50:55.469,AMAN_002,179,63.036839,88.595535,76.362534,0.0,34.004608,25.764612,18.024996,24.609913,24.273277,15.986511,31.408895,20.853298,68.078094,68.48526,77.33831,71.841064,36.078465,36.910885,normal,8.0,c,3,2.4623051965676614,2.167477471755223,0.928919376578131,0.7333839799999998,0.4223502643263094
2026-08-29T15:51:11.026,AMAN_002,180,74.648888,62.483166,59.393078,0.0,32.557602,23.675589,11.329997,15.067293,18.493925,17.669302,28.369324,16.682638,67.295586,66.794266,70.16259,67.206154,30.574968,37.811153,normal,7.5,d,3,2.4731842488794413,2.372124280393752,0.9578629355240541,0.77852524,0.4241596459640836
2026-08-29T15:51:28.821,AMAN_002,181,46.448196,79.269691,79.190773,45.698418,34.728111,28.549974,13.389997,17.578508,25.429148,15.565813,33.435276,18.350903,74.33815,74.40374,80.527519,74.158516,32.409466,36.910885,normal,8.0,e,3,2.4084591051501696,2.2233442238238963,0.9209088732872954,0.8180574799999999,0.41322467448918965
2026-08-29T15:51:44.709,AMAN_002,182,102.849579,115.640488,97.102974,57.580006,42.686634,27.853634,15.449996,21.596453,28.896757,16.407209,38.501225,21.687429,73.555641,75.249237,82.122124,77.634697,33.632465,34.210091,normal,7.5,f,3,2.1329737604520997,1.910474845806894,0.9453565466284644,0.7010883199999999,0.36162895281336016
2026-08-29T15:52:03.967,AMAN_002,183,69.672295,98.853966,79.190773,0.0,37.62212,28.549974,18.539995,26.618885,30.052628,18.09,29.382515,22.104496,79.815697,78.631226,79.730217,72.999786,34.855465,38.711418,normal,8.0,g,3,2.713525028907488,2.7164342411007905,0.915584825815183,1.00866364,0.4614282537231078
2026-08-29T15:52:17.201,AMAN_002,184,34.006714,50.359566,56.564838,41.128574,26.046082,20.193886,15.449996,23.103182,23.117407,62.263252,27.356134,18.350903,60.253025,62.56678,70.959892,64.888702,33.020966,37.811153,normal,7.5,h,3,2.593928881204895,2.202540862484128,0.9144418209596737,0.6579378199999999,0.443506062429124
2026-08-29T15:53:06.948,AMAN_003,185,29.030123,51.292152,49.88965607,0.0,23.152073,18.801203,13.904997,31.139072,18.493925,26.503952,19.250612,15.43144,61.035534,66.794266,74.149101,68.364883,33.020966,36.01062,normal,7.5,a,3,3.8517768932349306,3.170574644289416,0.9219919440436717,0.8356984399999999,0.5877799980199084
2026-08-29T15:53:22.797,AMAN_003,186,40.64217,64.348335,62.221321,0.0,25.32258,19.497543,12.874997,18.582994,20.805666,13.883022,27.356134,14.597308,62.600548,67.639763,70.959892,66.047432,29.963469,37.811153,normal,7.5,b,3,2.593928881204895,2.288354235889386,0.9307711839850061,0.7048882800000001,0.443506062429124
2026-08-29T15:53:55.757,AMAN_003,188,77.137184,92.325874,71.648796,0.0,37.62212,29.942657,13.389997,22.098696,25.429148,30.71093,34.448463,16.682638,94.683327,95.541161,86.905937,78.793427,39.747459,55.816463,normal,8.0,d,3,2.5227805307945,2.748549318862407,0.9066517277580555,1.2046972800000002,0.4322667301501445
2026-08-29T15:54:11.396,AMAN_003,189,54.742516,90.460701,75.419785,38.386669,31.110598,22.979248,12.874997,19.085238,20.805666,13.041628,28.369324,15.014374,64.165558,69.330757,72.554497,68.364883,31.186468,34.210091,normal,8.0,e,3,2.5574973666988448,2.261792892282914,0.942255496271238,0.7159246800000001,0.43780713199442456
2026-08-29T15:54:24.857,AMAN_003,190,41.471603,56.887661,62.221321,0.0,28.216589,20.193886,18.024996,30.134586,26.585018,26.92465,29.382515,19.185034,63.383053,68.48526,82.122124,75.317245,36.078465,37.811153,normal,7.5,f,3,2.794930796451292,2.157168350916063,0.9171369682137096,0.6800107599999998,0.4729812565931668
2026-08-29T15:54:43.173,AMAN_003,191,466.140839,172.528152,78.248024,0.0,82.479263,29.246317,19.054995,33.148045,31.208498,120.740227,34.448463,24.189825,98.595863,83.704201,95.676262,82.2696,52.588947,189.055756,normal,7.0,g,3,2.777373092850879,2.8621257900168753,0.8598746406005451,1.2829480000000002,0.4705315941661668
2026-08-29T15:54:59.089,AMAN_003,192,47.27763,30.775291,49.965607,0.0,23.875576,16.015841,18.024996,33.148045,24.273277,46.276741,18.237423,18.350903,57.905506,60.875786,82.122124,70.682335,39.13596,88.226021,normal,7.5,h,3,4.5029431499487895,3.17509081458997,0.8606977383222895,0.7933616600000001,0.6365582203596216
2026-08-29T15:55:48.285,AMAN_004,193,72.160591,110.977562,73.534286,0.0,39.069122,26.460953,20.599995,50.224312,33.520241,47.118137,28.369324,21.270363,90.77079,92.159172,95.676262,82.2696,40.970459,51.315136,normal,7.5,a,3,3.3725240782881967,3.199609479729063,0.8598746406005451,1.24802932,0.5425983684257522
2026-08-29T15:56:03.368,AMAN_004,194,38.153873,60.617996,65.88049561,0.0,28.216589,23.675589,16.479996,26.618885,24.273277,21.034883,29.382515,18.350903,73.555641,73.558243,81.324821,72.999786,35.466965,45.91354,normal,7.5,b,3,2.7677955179141343,2.503380529753654,0.8976321881320601,0.8834625199999999,0.46918572142448434
2026-08-29T15:57:02.195,AMAN_004,196,47.27763,86.73037,74.477036,0.0,34.004608,27.157293,17.509996,36.161503,28.896757,29.448835,27.356134,20.019165,84.510735,84.549698,88.500542,78.793427,37.30146,42.312481,normal,7.5,d,3,3.2351248772487815,3.089278042987345,0.8903156558842706,1.14309202,0.5277589935551928
2026-08-29T15:57:18.190,AMAN_004,197,84.602074,121.235992,88.618248,0.0,40.516129,27.853634,18.024996,28.627857,30.052628,19.352093,35.461655,20.019165,83.728233,84.549698,87.703239,77.634697,35.466965,39.611683,normal,7.5,e,3,2.4731844655348243,2.361091420834301,0.8851975027743841,0.9653315600000001,0.424159661586713
2026-08-29T15:58:35.721,AMAN_004,199,60.548542,88.595535,67.877808,0.0,34.004608,21.586567,20.084995,47.21085,39.299591,45.014648,26.342943,20.436232,82.163216,84.549698,96.473564,81.110878,39.13596,47.714073,normal,7.0,g,3,3.662215242156033,3.1189827503393412,0.8407574700197176,1.11640546,0.5710194582378524
2026-08-29T15:58:52.789,AMAN_004,200,29.030123,69.94384,65.049561,0.0,29.663593,23.675589,20.599995,40.68169,33.520241,34.917904,31.408895,20.019165,70.425613,72.712746,87.703239,75.317245,36.078465,41.412212,normal,7.5,h,3,2.7923048893299525,2.2422180270213175,0.8587737154412604,0.7803343599999999,0.4726163270136418
2026-08-29T15:59:40.660,AMAN_005,201,34.006714,65.280922,61.278576,0.0,28.940092,22.282907,18.024996,29.1301,24.273277,20.193487,28.369324,18.350903,64.948067,66.794266,75.743706,67.206154,32.409466,34.210091,normal,7.0,a,3,2.6699148453749393,2.289375809809282,0.8872835602626097,0.7315748599999999,0.45502832306116503
2026-08-29T16:00:00.041,AMAN_005,202,40.64217,70.876427,62.221321,0.0,28.940092,22.979248,15.964996,23.103182,24.273277,15.986511,29.382515,17.933836,70.425613,70.176254,75.743706,67.206154,32.409466,38.711418,normal,7.0,b,3,2.5778487723570387,2.3968536740800865,0.8872835602626097,0.82086196,0.4410049761985665
2026-08-29T16:00:16.869,AMAN_005,203,72.990021,107.247231,72.591545,0.0,36.175114,26.460953,15.964996,24.609913,26.585018,16.827906,33.435276,18.350903,82.945724,85.395195,81.324821,74.158516,33.632465,40.511948,normal,7.0,c,3,2.432305229870024,2.4807840435401087,0.9118803579192191,0.9902089599999999,0.4173013275423314
2026-08-29T16:00:37.601,AMAN_005,204,33.177284,69.94384,65.049561,0.0,29.663593,22.979248,18.539995,36.663746,26.585018,29.028139,30.395704,18.350903,68.860603,70.176254,78.932915,68.364883,33.020966,36.01062,normal,7.0,d,3,2.59684358788216,2.2654708160499206,0.8661136401571335,0.76929798,0.44395700782088837
2026-08-29T16:01:06.849,AMAN_005,205,21.565233,52.224735,68.820549,0.0,26.769585,20.890226,19.569996,38.170475,26.585018,39.124882,28.369324,19.6021,61.818039,64.257774,79.730217,69.523605,34.243965,33.309826,normal,7.0,e,3,2.8104366849077245,2.179044421698444,0.8719855394366305,0.6689743,0.47512586800661183
2026-08-29T16:01:22.011,AMAN_005,206,22.394667,35.438213,65.99231,0.0,26.046082,19.497543,22.144995,43.192905,30.052628,45.435349,28.369324,22.104496,58.688011,60.875786,81.324821,70.682335,35.466965,34.210091,normal,7.0,f,3,2.866645406621107,2.068713033587606,0.8691359592250489,0.6063737400000001,0.4827558678946932
2026-08-29T16:01:43.952,AMAN_005,207,15.75921,27.977537,79.190773,0.0,26.769585,18.801203,25.749994,58.260201,33.520241,80.353256,30.395704,25.441023,63.383053,65.103271,88.500542,76.475967,41.581959,38.711418,normal,7.0,g,3,2.911612538530926,2.085262843307448,0.8641298305122436,0.6597469799999999,0.48870199916135293
2026-08-29T16:03:41.459,AMAN_005,208,14.929777,28.910122,67.877808,45.698418,25.32258,18.801203,26.779993,64.78936,33.520241,87.505112,28.369324,25.858089,61.818039,64.257774,86.108635,74.158516,42.193455,38.711418,normal,7.0,h,3,3.035271642259914,2.179044421698444,0.8612203339165306,0.6689743,0.5043705046863647
2026-08-29T16:04:34.432,AMAN_006,209,47.27763,45.696644,55.88622089,0.0,26.046082,19.497543,19.569996,38.170475,27.740889,30.290232,21.276993,18.350903,57.122997,58.339294,74.946404,64.888702,30.574968,33.309826,normal,7.0,a,3,3.5224135654819433,2.684729470593203,0.8658012910397553,0.7169200799999998,0.5577583736979921
2026-08-29T16:05:02.836,AMAN_006,210,40.64217,63.415752,65.99231,0.0,28.216589,21.586567,16.479996,27.623371,25.429148,84.980927,29.382515,18.350903,61.818039,62.56678,70.959892,62.571247,31.797968,81.924164,normal,7.0,b,3,2.415037237269431,2.1039049230792792,0.8817831653713388,0.64871048,0.4143549482169639
2026-08-29T16:05:24.037,AMAN_006,211,40.64217,70.876427,66.935059,0.0,30.387096,25.068272,15.964996,24.10767,26.585018,16.827906,31.408895,17.516769,69.643105,68.48526,73.351799,66.047432,30.574968,36.01062,normal,7.0,c,3,2.3353822427111037,2.217304455535779,0.9004199473798935,0.7646842,0.40036867258929454
2026-08-29T16:05:40.275,AMAN_006,212,54.742516,92.325874,69.763298,0.0,31.834101,22.979248,13.904997,21.09421,24.273277,13.883022,32.422085,17.933836,71.208122,74.40374,74.946404,67.206154,30.574968,34.210091,normal,7.0,d,3,2.3115842452500366,2.1962837996742652,0.896722743799323,0.77572074,0.39605954629206463
2026-08-29T16:05:54.654,AMAN_006,213,25.712395,55.022491,59.393078,0.0,26.769585,20.890226,17.509996,30.636829,26.585018,23.559069,30.395704,17.516769,65.730576,67.639763,73.351799,64.888702,30.574968,35.110355,normal,7.0,e,3,2.413228358445536,2.1624948833246687,0.8846230636247838,0.7066974400000001,0.4140445756998532
2026-08-29T16:06:07.394,AMAN_006,214,80.45491,49.426983,54.679344,0.0,27.493086,19.497543,17.509996,33.148045,26.585018,114.429764,27.356134,18.767967,67.295586,60.030289,74.149101,63.729973,34.855465,156.646194,normal,7.0,f,3,2.7105099680715234,2.459980690261025,0.8594839795179742,0.7987890400000001,0.46099063156785647
2026-08-29T16:06:24.941,AMAN_006,215,34.836147,70.876427,65.8899231,0.0,31.110598,24.371929,16.479996,31.641315,25.429148,27.766045,23.303373,17.933836,69.643105,69.330757,75.743706,67.206154,31.186468,36.01062,normal,7.0,g,3,3.2503309068902144,2.9885405479539173,0.8872835602626097,0.9267946400000001,0.5294485030246573
2026-08-29T16:06:47.540,AMAN_006,216,17.418074,45.696644,58.450333,0.0,23.152073,19.497543,17.509996,27.623371,23.117407,18.09,27.356134,17.933836,53.99297,57.493797,70.16259,63.729973,29.351971,27.908232,normal,7.0,h,3,2.5647836186269526,1.9737054315842173,0.9083182920815364,0.5327367199999999,0.4389562317328689
2026-08-29T16:07:55.454,AMAN_007,218,25.712395,50.359566,56.564838,0.0,24.599077,20.193886,14.934997,21.596453,21.961536,15.145116,28.369324,17.516769,61.035534,65.948769,71.757195,66.047432,29.963469,31.509293,normal,7.0,b,3,2.529393005842153,2.1514616451693933,0.9204292725726985,0.6533242,0.4333304213511685
2026-08-29T16:08:40.023,AMAN_007,219,21.565233,49.426983,51.851101,0.0,23.152073,18.801203,16.479996,28.627857,24.273277,20.193487,27.356134,17.099705,57.905506,63.412277,74.946404,64.888702,29.963469,31.509293,normal,7.0,c,3,2.7396552672043253,2.116727635298308,0.8658012910397553,0.61098744,0.46519144371653387
2026-08-29T16:09:46.242,AMAN_007,220,23.224098,57.820244,62.221321,0.0,25.32258,22.979248,12.874997,17.578508,19.649796,13.462325,27.356134,15.848506,57.905506,60.875786,66.176079,62.571247,27.517471,28.808496,normal,7.0,d,3,2.4190572691823817,2.116727635298308,0.9455265178937969,0.61098744,0.4150435406629863
2026-08-29T16:10:14.616,AMAN_007,221,19.90637,48.4944,59.393078,0.0,23.152073,20.193886,15.449996,22.600939,20.805666,13.462325,20.263803,17.099705,53.99297,56.6483,66.176079,60.253796,28.740471,28.808496,normal,8.0,e,3,3.2657268896036498,2.664501986866934,0.9105070564082444,0.6745833400000001,0.5311468459493217
2026-08-29T16:10:57.909,AMAN_007,222,15.75921,32.640461,72.591545,0.0,23.152073,17.408522,16.479996,24.10767,21.961536,14.724418,25.329754,17.099705,49.297932,51.575317,64.581474,57.93634,28.128971,27.007965,normal,7.0,f,3,2.5496279396839228,1.9462452157074974,0.8971045013459276,0.47936356,0.436560777864053
2026-08-29T16:11:30.440,AMAN_007,223,25.712395,57.820244,70.706047,0.0,26.769585,20.193886,16.479996,22.098696,23.117407,16.827906,22.290184,17.516769,55.557983,58.339294,66.973381,60.253796,28.128971,27.007965,normal,7.0,g,3,3.004611848600331,2.492485395147301,0.8996676904115546,0.66535598,0.5005759292074063
2026-08-29T16:11:50.262,AMAN_007,224,26.541826,55.955074,79.190773,0.0,25.32258,19.497543,15.964996,22.600939,23.117407,14.30372,21.276993,17.933836,56.340492,58.339294,68.567986,61.412521,28.740471,29.708761,normal,7.0,h,3,3.2226336575691605,2.6479524395423546,0.8956440990341907,0.7012699799999998,0.5263620545381779
2026-08-29T16:12:49.813,AMAN_008,225,19.076937,41.966305,54.679344,0.0,23.152073,18.801203,17.509996,25.614399,21.961536,15.986511,25.329754,17.516769,52.427956,55.802803,66.973381,60.253796,28.128971,27.908232,normal,8.0,a,3,2.6440586260495755,2.0698162051569056,0.8996676904115546,0.54196404,0.45116151784427283
2026-08-29T16:13:05.360,AMAN_008,226,16.588642,38.23597,53.736595,0.0,20.981565,16.712181,16.994995,24.609913,20.805666,16.827906,24.316565,16.265572,49.297932,52.420815,63.784176,57.93634,26.905972,26.1077,normal,7.5,b,3,2.623074014329732,2.027338636300548,0.9083182467829878,0.49962734000000003,0.4479826851873261
2026-08-29T16:13:38.019,AMAN_008,227,30.688986,57.820244,55.622089,0.0,23.875576,19.497543,15.449996,21.09421,20.805666,12.62093,25.329754,15.43144,56.340492,59.184792,63.784176,59.095066,26.905972,27.908232,normal,7.5,c,3,2.5181512153054406,2.2242801788441455,0.9264845991763538,0.62021476,0.4315197150973237
2026-08-29T16:14:09.569,AMAN_008,228,19.90637,41.033722,51.851101,0.0,20.981565,17.408522,14.934997,21.09421,19.649796,19.352093,24.316565,15.014374,49.297932,52.420815,59.797665,55.618889,25.682974,27.007965,normal,7.5,d,3,2.459131888434124,2.027338636300548,0.9301179184642212,0.49962734000000003,0.4218203719132455
2026-08-29T16:14:33.412,AMAN_008,229,26.541826,51.292152,56.564838,0.0,23.152073,19.497543,14.419996,19.085238,19.649796,12.62093,18.237423,15.43144,53.99297,55.802803,60.594967,56.777615,26.294474,27.007965,normal,7.5,e,3,3.322560088363313,2.960557552151117,0.9370020059583486,0.71511094,0.5373113592888202
2026-08-29T16:14:57.446,AMAN_008,230,38.153873,57.820244,55.622089,34.730797,24.599077,19.497543,13.389997,17.578508,18.493925,10.938139,24.316565,15.014374,55.557983,56.6483,59.000362,55.618889,26.294474,27.908232,normal,7.5,f,3,2.426343430355632,2.2847783045104006,0.9426870901763127,0.62482836,0.41628747105765534
2026-08-29T16:15:20.518,AMAN_008,231,33.177284,58.752831,60.88335827,0.0,24.599077,18.801203,13.904997,18.080751,18.493925,11.358837,24.316565,15.014374,52.427956,54.111809,59.000362,55.618889,25.682974,26.1077,normal,7.5,g,3,2.426343430355632,2.1560584087191557,0.9426870901763127,0.56222782,0.41628747105765534
2026-08-29T16:15:50.174,AMAN_008,232,20.735802,43.831474,59.393078,0.0,22.42857,18.104862,13.904997,17.578508,18.493925,12.62093,19.250612,15.848506,50.862942,53.266312,59.000362,55.618889,26.294474,26.1077,normal,7.5,h,3,3.064854839495576,2.6421453810687257,0.9426870901763127,0.6322465999999999,0.5079776376997381
2026-08-29T16:16:31.549,AMAN_009,233,21.565233,48.4944,58.450333,0.0,23.875576,18.104862,16.479996,22.600939,23.117407,12.62093,20.263803,16.682638,53.99297,59.184792,68.567986,62.571247,27.517471,26.1077,normal,7.0,a,3,3.3837652370755698,2.664501986866934,0.9125430324666335,0.6745833400000001,0.5437713019861278
2026-08-29T16:16:57.721,AMAN_009,234,37.324444,64.348335,66.935059,0.0,28.216589,22.282907,14.419996,20.089724,24.273277,14.30372,33.435276,19.185034,75.120659,78.631226,78.932915,74.158516,34.243965,38.711418,normal,7.0,b,3,2.3607668557104606,2.246747911772012,0.9395130865858576,0.8337076600000001,0.40489781446265205
2026-08-29T16:17:22.465,AMAN_009,235,53.083652,79.269691,68.820549,0.0,29.663593,21.586567,13.904997,19.085238,23.117407,13.041628,32.422085,17.933836,75.90316,77.785728,77.33831,71.841064,31.797968,39.611683,normal,6.5,c,3,2.3853581947742732,2.34109362766348,0.928919376578131,0.8696214999999999,0.40922065657465456
2026-08-29T16:17:42.070,AMAN_009,236,45.618763,73.674179,65.049561,0.0,28.940092,20.890226,15.964996,22.600939,24.273277,13.041628,30.395704,17.099705,71.208122,76.094734,77.33831,69.523605,31.797968,36.01062,normal,6.5,d,3,2.5443820796576784,2.342702724469641,0.8989541665761552,0.8162483600000001,0.4357268415036647
2026-08-29T16:17:57.435,AMAN_009,237,23.224098,48.4944,57.507584,0.0,24.599077,20.193886,17.509996,25.112156,23.117407,14.30372,29.382515,18.350903,66.513077,71.867249,78.932915,71.841064,33.632465,35.110355,normal,7.0,e,3,2.6863897844041653,2.263695070454292,0.9101533232171493,0.74261124,0.4574638666472665
2026-08-29T16:18:21.987,AMAN_009,238,18.247505,38.23597,56.564838,0.0,22.42857,17.408522,17.509996,25.614399,23.117407,15.565813,27.356134,17.933836,55.557983,60.030289,72.554497,63.729973,29.351971,29.708761,normal,7.0,f,3,2.652219442915639,2.0309142618930505,0.878373730800762,0.56403698,0.45238787928505036
2026-08-29T16:18:41.045,AMAN_009,239,16.588642,31.707876,54.679344,0.0,23.152073,16.712181,20.599995,32.645802,27.740889,20.193487,27.356134,19.6021,54.775478,59.184792,78.135612,68.364883,31.797968,29.708761,normal,6.5,g,3,2.8562363175160943,2.002309901570923,0.8749515425883473,0.54838688,0.4813596808455819
2026-08-29T16:19:00.559,AMAN_009,240,16.588642,34.50563,62.221321,40.214607,23.152073,18.104862,19.054995,28.125614,25.429148,15.986511,28.369324,20.019165,57.905506,61.721283,78.135612,70.682335,33.020966,30.609028,normal,6.5,h,3,2.7542279279450126,2.041130257058555,0.9046108956552492,0.5907236400000001,0.467267388690099
2026-08-29T16:19:37.102,AMAN_010,241,24.05353,55.955074,59.88393078,0.0,25.32258,20.890226,16.479996,24.609913,20.805666,14.30372,21.276993,18.350903,64.948067,70.176254,78.135612,72.999786,33.632465,35.110355,normal,7.0,a,3,3.672303472439234,3.0525007210836974,0.9342702359238915,0.8734214799999998,0.571945713328233
2026-08-29T16:20:18.746,AMAN_010,242,35.665581,74.606766,70.70886047,0.0,29.663593,25.068272,15.449996,21.596453,23.117407,13.041628,31.408895,17.933836,73.555641,76.094734,75.743706,70.682335,33.632465,37.811153,normal,7.0,b,3,2.41153602776028,2.341872185611055,0.9331775457121748,0.8429349199999998,0.41375390283303504
2026-08-29T16:20:46.208,AMAN_010,243,43.130466,77.404518,81.076271,0.0,33.281105,26.460953,16.994995,25.614399,27.740889,24.400465,37.488037,20.436232,80.598206,86.240692,83.716728,76.475967,37.91296,43.212746,normal,7.0,c,3,2.233157891634099,2.149970789355871,0.913508682098913,0.8622033800000001,0.38140981656869544
2026-08-29T16:22:17.585,AMAN_010,244,21.565233,46.62923,74.47887036,0.0,27.493086,21.586567,19.569996,31.139072,25.429148,21.45558,30.395704,20.436232,61.818039,65.948769,80.527519,72.999786,36.078465,36.01062,normal,7.0,d,3,2.6493050632072666,2.0337748604951345,0.9065196325594443,0.6284467,0.4519505395231313
2026-08-29T16:22:35.215,AMAN_010,245,22.394667,48.4944,63.16407,0.0,24.599077,20.890226,18.024996,27.121128,23.117407,15.145116,22.290184,20.019165,61.035534,65.103271,77.33831,70.682335,34.243965,34.210091,normal,7.0,e,3,3.469611345688602,2.738223543500788,0.9139367780422433,0.774907,0.55253390134213
2026-08-29T16:22:48.490,AMAN_010,246,27.371258,39.168552,63.1688407,38.386669,23.152073,18.104862,17.509996,27.623371,21.961536,19.352093,26.342943,19.185034,57.905506,61.721283,77.33831,70.682335,34.855465,41.412212,normal,7.0,f,3,2.9358253799412695,2.19814027683229,0.9139367780422433,0.63125126,0.49184747103244675
2026-08-29T16:24:28.902,AMAN_011,247,54.742516,83.000031,82.01889012,0.0,36.175114,28.549974,18.024996,25.112156,26.585018,15.565813,36.474846,22.104496,84.510735,92.159172,87.703239,82.2696,36.078465,37.811153,normal,7.5,a,3,2.404484859378197,2.316958701632708,0.9380450660385454,0.96071778,0.4125396914810136
2026-08-29T16:24:49.211,AMAN_011,248,97.043549,99.786552,99.931213,0.0,44.13364,32.031681,15.449996,22.600939,26.585018,23.559069,37.488037,22.104496,103.290901,103.150635,94.081657,88.06324,44.639454,65.719383,normal,7.0,b,3,2.5096441273667844,2.755302270080914,0.9360297580611532,1.3160572799999999,0.4301417292844256
2026-08-29T16:25:03.311,AMAN_011,249,159.250961,151.078705,106.530441,0.0,50.645161,31.335339,15.449996,35.157017,31.208498,58.897671,39.514416,22.938627,106.420929,107.37812,99.662773,90.380692,46.473953,64.819115,normal,7.0,c,3,2.5221870361978684,2.6932171303715764,0.9068650230246931,1.33813026,0.43217105554768354
2026-08-29T16:25:54.577,AMAN_011,251,47.27763,80.202271,85.790001,0.0,34.728111,28.549974,16.479996,24.609913,27.740889,21.034883,35.461655,21.270363,79.033188,80.32222,81.324821,76.475967,36.078465,42.312481,normal,7.5,e,3,2.293316486972622,2.2286936611690393,0.9403765868262302,0.8714306599999999,0.39270952976528467
2026-08-29T16:26:16.332,AMAN_011,252,40.64217,63.415752,79.190773,43.87048,33.281105,28.549974,18.539995,27.623371,26.585018,17.248604,36.474846,22.104496,81.380707,85.395195,87.703239,79.952148,38.52446,44.11301,normal,7.0,f,3,2.404484859378197,2.2311453950633826,0.9116212787054216,0.89811722,0.4125396914810136
2026-08-29T16:27:12.243,AMAN_011,253,143.491745,56.887661,76.362534,0.0,35.451611,22.979248,18.539995,29.1301,25.429148,37.862789,29.382515,20.019165,63.383053,62.56678,76.541008,68.364883,35.466965,70.220711,normal,6.5,g,3,2.604984016860362,2.157168350916063,0.8931796935337337,0.6800107599999998,0.44521261389572425
2026-08-29T16:28:10.057,AMAN_011,254,20.735802,35.438213,73.534286,0.0,26.769585,20.890226,21.114994,33.148045,32.364368,24.400465,34.448463,22.104496,57.122997,60.030289,75.743706,68.364883,31.797968,30.609028,normal,7.0,h,3,2.1987536573827238,1.6582156486297666,0.9025815818172955,0.45349068000000003,0.37475656961098847
2026-08-29T16:29:36.094,AMAN_012,255,21.565233,48.4944,67.877808,0.0,25.32258,22.282907,16.479996,24.10767,21.961536,13.883022,22.290184,16.682638,59.47052,63.412277,70.16259,63.729973,29.963469,31.509293,normal,8.0,a,3,3.147688620386166,2.668012669607093,0.9083182920815364,0.7436067199999999,0.5178038337926092
2026-08-29T16:30:15.837,AMAN_012,256,26.541826,60.617996,75.419785,0.0,28.940092,23.675589,14.934997,21.09421,24.273277,13.462325,31.408895,18.350903,64.165558,67.639763,70.959892,66.047432,31.797968,34.210091,normal,7.5,b,3,2.2592284576619273,2.042909741679947,0.9307711839850061,0.65513326,0.38635793483047376
2026-08-29T16:30:34.838,AMAN_012,257,49.765923,84.865196,82.019012,38.386669,31.110598,22.282907,13.389997,19.587481,20.805666,13.462325,31.408895,18.350903,73.555641,78.631226,78.135612,71.841064,34.855465,39.611683,normal,7.5,c,3,2.4876897809713516,2.341872185611055,0.9194406105834801,0.8429349199999998,0.42655459423861436
2026-08-29T16:30:49.430,AMAN_012,258,50.595356,87.662949,85.790001,37.472702,34.004608,27.853634,14.419996,21.09421,25.429148,13.883022,37.488037,19.6021,91.553299,99.768646,86.905937,81.110878,39.747459,48.614338,normal,8.0,d,3,2.318230581603784,2.4421997496962162,0.9333179235708691,1.0813052399999998,0.39726921199018755
2026-08-29T16:31:03.899,AMAN_012,259,34.836147,63.415752,81.076271,0.0,27.493086,21.586567,13.904997,19.587481,20.805666,13.041628,32.422085,18.767967,71.990631,78.631226,78.932915,72.999786,36.078465,39.611683,normal,8.0,e,3,2.4345408586335946,2.2204188532542384,0.9248331542255656,0.7913709199999999,0.4176806234402924
2026-08-29T16:31:15.643,AMAN_012,260,24.882961,41.966305,67.877808,0.0,25.32258,20.193886,16.479996,23.605425,20.805666,13.883022,30.395704,20.019165,59.47052,64.257774,77.33831,72.999786,34.243965,33.309826,normal,7.5,f,3,2.5443820796576784,1.9565429520754145,0.9439018846026135,0.5814963200000001,0.4357268415036647
2026-08-29T16:31:27.603,AMAN_012,261,18.247505,38.23597,71.648796,0.0,21.705069,16.015841,14.419996,21.09421,18.493925,12.200233,24.316565,17.099705,53.210464,56.6483,69.365288,63.729973,31.186468,30.609028,normal,7.5,g,3,2.852592850761261,2.1882384340722325,0.9187587286080713,0.57787798,0.48086920517368453
2026-08-29T16:31:43.117,AMAN_012,262,16.588642,32.640461,64.106819,0.0,21.705069,18.104862,16.479996,24.609913,19.649796,14.724418,24.316565,17.099705,53.210464,57.493797,70.16259,63.729973,31.186468,29.708761,normal,8.0,h,3,2.8853812677155393,2.1882384340722325,0.9083182920815364,0.57787798,0.485250107788315
2026-08-29T16:32:27.831,AMAN_013,263,23.224098,48.4944,59.393078,0.0,25.32258,21.586567,18.024996,29.632343,23.117407,19.772791,22.290184,19.6021,63.383053,67.639763,78.932915,71.841064,35.466965,36.910885,normal,7.0,a,3,3.541149754012908,2.8435397646157767,0.9101533232171493,0.8218573799999999,0.5595829999649586
2026-08-29T16:32:45.109,AMAN_013,264,19.076937,40.101135,58.450333,0.0,22.42857,18.104862,16.479996,27.121128,21.961536,17.669302,26.342943,17.933836,54.775478,59.184792,72.554497,66.047432,32.409466,33.309826,normal,7.0,b,3,2.754227933367986,2.0793218588667717,0.9103146686669651,0.5686507,0.4672673966821186
2026-08-29T16:33:01.915,AMAN_013,265,22.394667,44.764061,65.99231,0.0,23.875576,18.801203,18.024996,30.134586,24.273277,20.614185,29.382515,18.767967,57.905506,64.257774,82.122124,74.158516,35.466965,37.811153,normal,6.5,c,3,2.794930796451292,1.9707464215549888,0.9030271424753771,0.5704598200000001,0.4729812565931668
2026-08-29T16:33:18.142,AMAN_013,266,19.076937,38.23597,59.393078,0.0,23.875576,18.801203,18.539995,49.722069,26.585018,51.325115,27.356134,19.6021,59.47052,63.412277,82.122124,71.841064,36.078465,36.01062,normal,7.0,d,3,3.0019627035155247,2.1739365021620007,0.8748075640606222,0.6422877199999999,0.5002453089594001
2026-08-29T16:33:39.928,AMAN_013,267,21.565233,42.898891,74.477036,42.042542,27.493086,20.193886,22.144995,56.753471,33.520241,72.360001,31.408895,22.521561,67.295586,68.48526,90.892448,76.475967,40.970459,41.412212,normal,7.0,e,3,2.8938432587828196,2.1425639002696846,0.8413895793202115,0.71773382,0.4863687239829636
2026-08-29T16:34:09.230,AMAN_013,269,19.076937,27.044952,71.648796,0.0,26.046082,18.104862,25.234993,65.291603,36.98785,87.925812,31.408895,25.023956,62.600548,65.103271,91.689751,75.317245,40.970459,39.611683,normal,6.5,g,3,2.919227875024615,1.9930827897374965,0.8214357217050658,0.62383306,0.4896954845713344
2026-08-29T16:34:43.847,AMAN_013,270,19.076937,37.303383,64.106819,0.0,25.32258,19.497543,22.144995,48.21534,31.208498,45.435349,30.395704,22.104496,61.818039,66.794266,88.500542,75.317245,37.91296,36.910885,normal,6.5,h,3,2.911612538530926,2.0337748604951345,0.8510370082211465,0.6284467,0.48870199916135293
2026-08-29T16:35:51.281,AMAN_014,271,19.076937,30.775291,57.507584,0.0,21.705069,18.104862,16.994995,24.609913,23.117407,14.30372,27.356134,19.6021,57.122997,61.721283,73.351799,66.047432,31.797968,31.509293,normal,7.0,a,3,2.681364705493581,2.088123128756743,0.9004199473798935,0.59533726,0.45672330930242516
2026-08-29T16:36:13.342,AMAN_014,272,19.90637,37.303383,65.99231,0.0,21.705069,17.408522,14.419996,19.085238,19.649796,12.200233,24.316565,16.265572,50.862942,54.957306,65.378777,60.253796,28.128971,28.808496,normal,7.5,b,3,2.6886507248656524,2.0916984402614265,0.9216107970923352,0.53092754,0.45779643074481724
2026-08-29T16:36:39.007,AMAN_014,273,16.588642,29.842707,59.393078,0.0,20.258064,16.712181,15.964996,23.103182,19.649796,12.200233,24.316565,17.099705,53.210464,58.339294,70.16259,66.047432,29.963469,29.708761,normal,7.5,c,3,2.8853812677155393,2.1882384340722325,0.9413481256395858,0.57787798,0.485250107788315
2026-08-29T16:36:54.455,AMAN_014,274,17.418074,35.438213,58.450333,0.0,20.981565,18.104862,14.934997,21.09421,18.493925,11.779534,19.250612,17.099705,56.340492,63.412277,71.757195,67.206154,32.409466,31.509293,normal,7.5,d,3,3.727526050846565,2.926684239085885,0.9365770865796682,0.7417975999999998,0.5769458572992691
2026-08-29T16:37:30.261,AMAN_014,275,15.75921,26.112368,56.564838,0.0,20.981565,17.408522,18.539995,30.134586,21.961536,23.979767,26.342943,19.185034,54.775478,59.184792,73.351799,67.206154,34.855465,33.309826,normal,7.0,e,3,2.784494168136731,2.0793218588667717,0.9162167220715715,0.5686507,0.4715278894519943
2026-08-29T16:37:48.247,AMAN_014,276,17.418074,23.314615,70.706047,0.0,20.981565,15.319499,16.479996,24.609913,20.805666,15.565813,27.356134,18.767967,49.297932,53.266312,69.365288,67.206154,32.409466,31.509293,normal,7.0,f,3,2.5356383560490108,1.802078977212578,0.9688728505138116,0.43883596,0.4343313899653595
2026-08-29T16:38:04.887,AMAN_014,277,14.929777,25.179783,60.335827,0.0,20.981565,16.712181,16.994995,25.614399,19.649796,14.30372,19.250612,18.350903,50.080437,54.111809,69.365288,62.571247,31.186468,28.808496,normal,7.5,g,3,3.603275156511826,2.601497084094218,0.9020540357225885,0.6165965000000001,0.5655268450101115
2026-08-29T16:38:16.828,AMAN_014,278,16.588642,27.977537,64.106819,0.0,21.705069,17.408522,16.994995,23.605425,19.649796,13.883022,19.250612,18.767967,54.775478,59.184792,70.16259,64.888702,32.409466,30.609028,normal,7.5,h,3,3.6446921039746143,2.845387437351375,0.9248332017342572,0.7104973200000001,0.569401063458049
2026-08-29T16:38:59.019,AMAN_015,279,20.735802,42.898891,60.335827,0.0,25.32258,19.497543,20.084995,35.157017,27.740889,27.345348,29.382515,20.853298,64.165558,71.021751,90.095146,79.952148,37.30146,36.01062,normal,8.0,a,3,3.0662833095521913,2.1837999967667856,0.8874189418130315,0.6956608600000002,0.5081504392565537
2026-08-29T16:39:16.692,AMAN_015,280,28.200691,54.089905,63.16407,0.0,26.046082,20.193886,14.934997,23.605425,19.649796,13.462325,21.276993,16.682638,63.383053,67.639763,69.365288,64.888702,33.632465,39.611683,normal,8.0,b,3,3.2601061343084834,2.9789464709855986,0.9354634647428457,0.8421212,0.5305282387445391
2026-08-29T16:39:28.744,AMAN_015,281,47.27763,37.303383,58.450333,0.0,20.258064,16.015841,12.359997,20.591967,19.649796,38.704185,25.329754,15.848506,57.905506,57.493797,66.973381,63.729973,29.963469,56.716728,normal,7.5,c,3,2.6440586260495755,2.286065752527343,0.9515715427937641,0.65151504,0.45116151784427283
2026-08-29T16:40:05.704,AMAN_015,282,70.501724,92.325874,80.133522,0.0,32.557602,22.282907,13.904997,20.591967,19.649796,12.62093,30.395704,17.099705,68.078094,73.558243,75.743706,72.999786,34.855465,41.412212,normal,7.5,d,3,2.4919206043325715,2.2397267588450136,0.9637734964046389,0.7536478,0.42724938576072874
2026-08-29T16:40:19.012,AMAN_015,283,24.05353,43.831474,58.450333,0.0,20.981565,18.801203,13.904997,20.591967,18.493925,12.62093,28.369324,17.516769,61.818039,72.712746,80.527519,79.952148,36.68996,38.711418,normal,7.5,e,3,2.838541045764416,2.179044421698444,0.9928548534005059,0.6689743,0.4789687999523733
2026-08-29T16:41:07.924,AMAN_015,284,17.418074,30.775291,48.080112,0.0,17.364056,13.926817,13.904997,21.596453,16.182184,12.200233,17.224232,15.43144,46.950409,54.957306,70.16259,67.206154,30.574968,30.609028,normal,7.5,f,3,4.0734791115916735,2.72583310197337,0.9578629355240541,0.59452354,0.6057933076232812
2026-08-29T16:41:23.558,AMAN_015,285,35.665581,36.3708,52.79385,0.0,21.705069,16.712181,15.964996,25.112156,20.805666,24.821161,24.316565,16.265572,52.427956,58.339294,72.554497,64.888702,31.186468,37.811153,normal,7.5,g,3,2.9837465597025896,2.1560584087191557,0.8943441928424928,0.56222782,0.49796013406355205
2026-08-29T16:41:40.687,AMAN_015,286,16.588642,27.044952,49.965607,0.0,22.42857,16.712181,25.749994,92.91497,34.676109,104.753716,27.356134,22.521561,62.600548,66.794266,93.284355,78.793427,41.581959,39.611683,normal,8.0,h,3,3.409996489271295,2.288354235889386,0.8446584483905742,0.7048882800000001,0.5464849826259423
2026-08-29T16:42:41.738,AMAN_016,287,28.200691,55.955074,64.106819,0.0,24.599077,20.890226,11.844997,15.569536,18.493925,10.517442,28.369324,15.43144,59.47052,65.103271,66.176079,64.888702,29.351971,32.409557,normal,7.0,a,3,2.332662409346656,2.0962959511139743,0.9805460398241423,0.6220239200000001,0.39987931513927605
2026-08-29T16:43:10.807,AMAN_016,288,19.90637,41.033722,63.16407,0.0,23.152073,18.801203,15.449996,21.596453,19.649796,11.779534,21.276993,17.099705,54.775478,61.721283,70.16259,67.206154,31.186468,31.509293,normal,7.0,b,3,3.297578611047806,2.574398189444256,0.9578629355240541,0.6699697,0.534621769368549
2026-08-29T16:43:35.551,AMAN_016,289,16.588642,30.775291,75.419785,53.010162,21.705069,18.104862,15.449996,18.582994,16.182184,12.200233,26.342943,16.265572,49.297932,56.6483,70.16259,68.364883,29.351971,27.007965,normal,6.5,c,3,2.6634291911009367,1.871389741309564,0.9743778451767752,0.45909978,0.4540635246205494
2026-08-29T16:44:10.120,AMAN_016,290,14.100346,24.2472,64.106819,0.0,20.981565,16.712181,40.68499,42.188419,18.493925,15.145116,25.329754,17.933836,46.167904,54.111809,74.946404,69.523605,30.574968,26.1077,normal,6.5,d,3,2.958827567442002,1.8226740683411025,0.9276441832160242,0.416763,0.49480002067889145
2026-08-29T16:44:22.671,AMAN_016,291,15.75921,25.179783,65.99231,0.0,23.152073,17.408522,69.524979,81.36338,26.585018,34.497208,26.342943,22.521561,51.645451,59.184792,86.108635,76.475967,42.193455,33.309826,normal,7.0,e,3,3.2687540762799068,1.9605034788620699,0.8881334388666782,0.50605016,0.5314793064549697
2026-08-29T16:45:01.421,AMAN_016,292,14.929777,24.2472,62.221321,0.0,20.258064,13.926817,51.499989,53.23777,17.338055,18.09,24.316565,17.933836,46.167904,54.111809,76.541008,70.682335,31.797968,27.007965,normal,6.5,f,3,3.1476886855981983,1.8986186993850902,0.9234569495796356,0.43702678,0.5178038323603293
2026-08-29T16:47:02.948,AMAN_017,295,24.05353,56.887661,80.133522,45.698418,27.493086,20.890226,18.539995,29.632343,24.273277,21.876278,29.382515,19.6021,59.47052,62.56678,76.541008,70.682335,31.797968,32.409557,normal,7.0,a,3,2.604984016860362,2.024009849391773,0.9234569495796356,0.6017601,0.44521261389572425
2026-08-29T16:47:29.470,AMAN_017,296,73.819458,108.17981,87.675499,0.0,39.792625,28.549974,19.569996,28.125614,32.364368,17.669302,39.514416,22.938627,91.553299,92.159172,94.081657,84.587059,40.358959,50.414867,normal,7.0,b,3,2.3809445441520523,2.3169588494085676,0.8990812099449724,1.04077766,0.40844940790666756
2026-08-29T16:47:48.612,AMAN_017,297,24.882961,63.415752,69.763298,0.0,26.769585,24.371929,15.964996,21.596453,20.805666,13.462325,28.369324,17.516769,63.383053,65.948769,70.959892,66.047432,31.797968,34.210091,normal,7.0,c,3,2.501288609736133,2.234210115753863,0.9307711839850061,0.70027458,0.42878183707985396
2026-08-29T16:48:12.063,AMAN_017,298,28.200691,58.752831,65.99231,0.0,26.769585,22.979248,15.964996,23.103182,21.961536,19.352093,23.303373,17.933836,68.860603,73.558243,78.135612,71.841064,33.020966,37.811153,normal,7.0,d,3,3.3529729138468864,2.954961646555781,0.9194406105834801,0.9111446,0.5405439890251278
2026-08-29T16:49:00.896,AMAN_017,299,18.247505,31.707876,64.106819,0.0,22.42857,17.408522,20.084995,47.21085,24.273277,48.80093,26.342943,19.6021,56.340492,60.030289,78.932915,70.682335,34.855465,33.309826,normal,7.0,e,3,2.996357887439574,2.1387310678495304,0.8954734035258417,0.5999509799999999,0.49954441600994437
2026-08-29T16:49:16.147,AMAN_017,300,22.394667,41.966305,58.450333,0.0,30.387096,20.890226,32.959991,87.89254,50.858295,121.160927,26.342943,32.531143,80.598206,77.785728,118.798027,95.015602,57.480942,55.816463,normal,7.0,f,3,4.509670081406591,3.0595736931998476,0.7998078453097671,1.08510526,0.6370019273674464
2026-08-29T16:49:36.067,AMAN_017,301,19.076937,25.179783,62.221321,0.0,23.152073,17.408522,22.659994,53.740013,28.896757,63.525345,21.276993,24.189825,63.383053,64.257774,90.095146,76.475967,42.193455,39.611683,normal,7.0,g,3,4.2343908115254765,2.9789464709855986,0.8488355023215676,0.8421212,0.6179116917282433
2026-08-29T16:49:48.461,AMAN_017,302,14.929777,18.651691,76.362534,0.0,20.981565,16.015841,25.234993,42.188419,30.052628,26.083256,26.342943,21.687429,54.775478,56.6483,76.541008,64.888702,37.30146,35.110355,normal,7.0,h,3,2.905559145172525,2.0793218588667717,0.8477637702702098,0.5686507,0.48790952945522764
2026-09-03T19:36:06.779,BOSOK_23,303,23.224098,45.696644,53.736595,0.0,20.981565,16.712181,12.874997,16.071779,16.182184,12.200233,25.329754,17.933836,47.732918,52.420815,62.189571,62.571247,27.517471,26.1077,anomali,7.0,a,3,2.4551974112352566,1.8844596420242998,1.006137137344598,0.44806327999999995,0.42116198666271853
2026-09-03T19:36:40.372,BOSOK_23,304,29.030123,54.089905,65.99231,0.0,24.599077,18.801203,13.904997,16.574022,17.338055,12.62093,32.422085,19.6021,53.99297,58.339294,70.959892,68.364883,30.574968,27.908232,anomali,7.0,b,3,2.188627601023314,1.6653140397003954,0.9634297832034775,0.43141769999999996,0.3727710031342306
2026-09-03T19:37:22.041,BOSOK_23,305,50.595356,82.067444,89.560989,0.0,27.493086,18.801203,13.389997,16.574022,18.493925,12.62093,23.303373,19.185034,63.383053,67.639763,74.946404,72.999786,31.797968,31.509293,anomali,7.0,c,3,3.2161169045713236,2.719907791928751,0.9740264023839752,0.8015935999999999,0.5256299537830041
2026-09-03T19:37:37.637,BOSOK_23,306,151.786072,201.438263,210.232651,0.0,73.07373,39.691429,11.844997,17.578508,27.740889,16.407209,43.567177,20.019165,115.028503,111.605606,94.87896,86.90451,39.747459,77.422836,anomali,7.0,d,3,2.177761901405294,2.640255451884006,0.9159512376662604,1.42922652,0.3706262984696858
2026-09-03T19:37:56.310,BOSOK_23,307,23.224098,49.426983,71.648796,0.0,22.42857,17.408522,13.389997,17.578508,17.338055,13.041628,21.276993,17.099705,50.080437,57.493797,67.770683,68.364883,29.351971,28.808496,anomali,7.0,e,3,3.1851611338307375,2.3537354861490596,1.0087676541834978,0.57606888,0.5221212598382399
2026-09-03T19:38:26.082,BOSOK_23,308,15.75921,37.303383,60.335827,0.0,20.258064,16.015841,16.479996,20.089724,18.493925,14.30372,27.356134,19.6021,46.950409,51.575317,64.581474,64.888702,28.740471,26.1077,anomali,7.0,f,3,2.3607667074716376,1.7162656038073203,1.004757060088616,0.3918855,0.4048978079897611
2026-09-03T19:38:35.957,BOSOK_23,309,15.75921,36.3708,56.564838,0.0,19.534561,16.015841,17.509996,22.098696,18.493925,15.565813,27.356134,20.436232,47.732918,52.420815,64.581474,64.888702,29.351971,27.007965,anomali,7.0,g,3,2.3607667074716376,1.7448701103488853,1.004757060088616,0.40753567999999996,0.4048978079897611
2026-09-03T19:38:52.848,BOSOK_23,310,11.612049,24.2472,52.79385,0.0,16.640553,13.230476,19.569996,25.614399,18.493925,16.407209,27.356134,22.104496,47.732918,51.575317,65.378777,66.047432,31.797968,27.908232,anomali,7.0,h,3,2.3899120066044395,1.7448701103488853,1.0102272469509108,0.40753567999999996,0.41001429224272484
2026-09-03T19:39:43.333,BOSOK_24,311,27.371258,53.157322,131.984619,0.0,39.792625,32.72802,27.809994,44.197392,17.338055,39.966278,22.290184,20.019165,93.118309,91.313675,70.16259,66.047432,61.761436,73.82177,anomali,9.0,a,3,3.147688620386166,4.177545919968216,0.9413481256395858,1.4165625,0.5178038337926092
2026-09-03T19:40:45.871,BOSOK_24,313,19.076937,36.3708,95.217476,60.321911,25.32258,18.104862,48.409988,50.726555,27.740889,20.614185,24.316565,26.692221,57.905506,62.56678,85.311333,76.475967,37.91296,34.210091,anomali,8.0,c,3,3.5083613954679063,2.3813183394454196,0.8964337485579144,0.6717788200000001,0.5563799320151216
2026-09-03T19:41:20.636,BOSOK_24,314,15.75921,35.438213,60.335827,0.0,20.981565,15.319499,17.509996,31.641315,19.649796,15.145116,23.303373,16.682638,46.167904,51.575317,63.784176,62.571247,26.905972,26.1077,anomali,7.0,d,3,2.7371208721068525,1.9811674553861987,0.9809837033900534,0.45729062,0.46482877077769513
2026-09-03T19:41:42.473,BOSOK_24,315,19.076937,27.044952,49.022858,0.0,15.91705,13.230476,14.419996,18.080751,16.182184,10.938139,24.316565,15.014374,39.907848,44.81134,56.608456,57.93634,25.071474,25.207434,anomali,7.0,e,3,2.3279781794927943,1.6411788255541746,1.0234571627501794,0.31182566,0.3990346447936485
2026-09-03T19:41:56.486,BOSOK_24,316,23.224098,41.966305,67.877808,0.0,24.599077,19.497543,16.479996,58.762444,23.117407,74.884186,23.303373,20.853298,59.47052,63.412277,77.33831,76.475967,34.855465,45.013275,anomali,7.5,f,3,3.318758911527996,2.55201229795691,0.9888496026290717,0.72334294,0.5369040940120116
2026-09-03T19:42:19.909,BOSOK_24,317,29.859554,56.887661,101.816711,0.0,26.046082,18.104862,19.054995,29.632343,21.961536,15.986511,28.369324,17.933836,64.165558,67.639763,72.554497,70.682335,31.797968,42.312481,anomali,7.0,g,3,2.5574973666988448,2.261792892282914,0.9741963376582518,0.7159246800000001,0.43780713199442456
2026-09-03T19:42:34.174,BOSOK_24,318,24.882961,47.561813,88.618248,0.0,22.42857,16.015841,13.904997,19.085238,18.493925,11.779534,28.369324,16.682638,57.905506,61.721283,66.176079,64.888702,28.128971,35.110355,anomali,7.5,h,3,2.332662409346656,2.041130257058555,0.9805460398241423,0.5907236400000001,0.39987931513927605
2026-09-03T19:43:43.231,BOSOK_25,319,37.324444,69.94384,108.415939,0.0,31.110598,22.282907,13.389997,18.582994,20.805666,13.462325,28.369324,16.265572,96.248337,87.931686,76.541008,76.475967,33.632465,54.916195,anomali,7.0,a,3,2.6980192062316304,3.392689338424371,0.9991501158241715,1.3575802600000002,0.45917002157899744
2026-09-03T19:44:05.933,BOSOK_25,320,60.548542,89.528122,115.957916,0.0,39.069122,22.979248,11.329997,15.569536,17.338055,12.62093,20.263803,16.682638,105.63842,89.622681,86.905937,81.110878,39.13596,67.519913,anomali,7.0,b,3,4.288725769429475,5.213156082717503,0.9333179235708691,1.70749234,0.6218371695371129
2026-09-03T19:44:37.932,BOSOK_25,321,22.394667,45.696644,83.90451,0.0,20.258064,15.319499,10.814998,14.56505,16.182184,11.358837,16.211042,12.929045,53.99297,56.6483,59.000362,56.777615,26.294474,35.110355,anomali,6.5,c,3,3.63951469651692,3.330627154857069,0.962326390077676,0.75563856,0.5689205630411363
2026-09-03T19:44:53.130,BOSOK_25,322,26.541826,41.033722,82.019012,0.0,18.81106,13.926817,9.784998,25.614399,17.338055,46.276741,15.197852,11.677847,44.60289,51.575317,55.013851,55.618889,24.459974,39.611683,anomali,6.5,d,3,3.6198414619108927,2.9348134625778286,1.0109977374611099,0.5881007600000001,0.5670848537764632
2026-09-03T19:45:07.815,BOSOK_25,323,35.665581,42.898891,80.133522,0.0,24.599077,19.497543,20.599995,72.323006,38.143719,134.20256,30.395704,25.858089,68.860603,77.785728,87.703239,86.90451,37.91296,76.522568,anomali,6.5,e,3,2.8853817679689975,2.2654708160499206,0.99089270911731,0.76929798,0.4852501528950896
2026-09-03T19:45:21.048,BOSOK_25,324,19.076937,36.3708,65.99231,0.0,20.258064,16.015841,13.904997,17.578508,18.493925,10.938139,24.316565,15.014374,50.080437,61.721283,68.567986,67.206154,28.740471,28.808496,anomali,7.0,f,3,2.8198044338069814,2.0595185382809875,0.9801388099485945,0.5152774400000001,0.47641309302199325
2026-09-03T19:45:33.584,BOSOK_25,325,15.75921,29.842707,66.935059,0.0,18.81106,13.230476,14.934997,19.085238,17.338055,10.517442,23.303373,13.34611,41.472862,51.575317,60.594967,59.095066,25.682974,30.609028,anomali,6.5,g,3,2.6002648199190648,1.779692759630651,0.9752469416730697,0.36338978,0.4444854279017406
2026-09-03T19:45:54.005,BOSOK_25,326,30.688986,29.842707,61.278576,0.0,25.32258,12.534136,14.419996,152.179657,21.961536,167.437668,22.290184,15.43144,46.167904,43.965843,55.811153,54.460159,67.264931,137.740631,anomali,7.0,h,3,2.5038433043696253,2.071220376099015,0.9757933014225129,0.4775544,0.4291983466047006
2026-09-03T19:46:37.609,BOSOK_26,327,12.441481,26.112368,40.538136,0.0,15.193548,12.534136,12.359997,17.578508,16.182184,13.462325,16.211042,13.763176,42.255367,51.575317,63.784176,61.412521,25.682974,24.307169,anomali,6.0,a,3,3.9346105360713177,2.606577722408145,0.9628173509966874,0.5208865,0.594699648834053
2026-09-03T19:47:08.984,BOSOK_26,328,12.441481,26.112368,44.309124,0.0,15.193548,12.534136,12.874997,18.080751,17.338055,10.096744,23.303373,15.43144,43.820381,51.575317,66.973381,63.729973,26.294474,24.307169,anomali,6.0,b,3,2.8739767526457425,1.880430021683976,0.9515715427937641,0.41034015999999995,0.4837347515026125
2026-09-03T19:47:17.026,BOSOK_26,329,12.441481,22.38203,42.42363,0.0,15.193548,11.837794,14.419996,21.09421,18.493925,12.62093,19.250612,16.682638,41.472862,49.884323,66.973381,64.888702,28.740471,27.007965,anomali,6.0,c,3,3.479024262177087,2.154364778447159,0.9688728766921775,0.444445,0.5534742918395936
2026-09-03T19:47:24.866,BOSOK_26,330,12.441481,26.112368,42.42363,0.0,14.470046,11.837794,12.359997,17.578508,18.493925,11.358837,27.356134,16.265572,42.255367,50.72982,65.378777,62.571247,26.294474,24.307169,anomali,6.0,d,3,2.3899120066044395,1.5446390032162427,0.9570573250311297,0.29798465999999996,0.41001429224272484
2026-09-03T19:47:32.876,BOSOK_26,331,12.441481,25.179783,37.709892,0.0,13.746543,11.837794,10.814998,14.56505,16.182184,11.358837,26.342943,15.43144,42.255367,49.884323,62.189571,62.571247,25.682974,24.307169,anomali,6.0,e,3,2.360766881374309,1.6040482249655152,1.006137137344598,0.31824847999999994,0.40489784296672704
2026-09-03T19:47:39.575,BOSOK_26,332,14.929777,31.707876,46.194618,0.0,16.640553,13.926817,10.814998,14.56505,16.182184,10.517442,26.342943,15.43144,48.515423,56.6483,66.176079,67.206154,26.294474,25.207434,anomali,6.0,f,3,2.5120979792963984,1.8416850608965516,1.0155655164208932,0.44344959999999994,0.4305399131283604
2026-09-03T19:48:06.246,BOSOK_26,333,148.468338,109.112396,65.99231,0.0,39.069122,22.282907,11.329997,15.569536,19.649796,11.779534,28.369324,16.265572,68.078094,74.40374,77.33831,74.158516,31.797968,34.210091,anomali,6.0,g,3,2.726123567088322,2.399707162670791,0.9588844960687017,0.7941753999999999,0.463249242410511
2026-09-03T19:48:48.581,BOSOK_26,334,12.441481,26.112368,41.480881,0.0,15.91705,12.534136,11.844997,16.071779,15.026314,10.517442,21.276993,14.180243,42.255367,50.72982,62.986874,63.729973,26.294474,25.207434,anomali,6.0,h,3,2.960326414392102,1.9859642356585652,1.0117975196232918,0.41956748,0.4949912404339049
2026-09-03T19:49:29.775,BOSOK_27,335,44.789333,37.303383,41.480881,0.0,19.534561,13.926817,12.359997,17.076265,17.338055,11.779534,17.224232,15.43144,45.385395,52.420815,66.176079,64.888702,28.128971,27.908232,anomali,6.5,a,3,3.8420314229212527,2.6349719772864315,0.9805460398241423,0.56322326,0.5869503427930451
2026-09-03T19:49:44.364,BOSOK_27,336,156.762665,46.62923,68.820549,0.0,31.110598,19.497543,13.389997,19.587481,21.961536,12.62093,28.369324,16.265572,51.645451,57.493797,68.567986,66.047432,26.294474,28.808496,anomali,6.0,b,3,2.416975527166059,1.8204675160862078,0.9632399348524053,0.46552254000000004,0.4146871607343798
2026-09-03T19:49:57.450,BOSOK_27,337,41.471603,52.224735,65.049561,0.0,26.769585,18.104862,16.994995,25.614399,20.805666,15.565813,26.342943,17.933836,56.340492,63.412277,74.149101,71.841064,32.409466,31.509293,anomali,7.0,c,3,2.8147604029054754,2.1387310678495304,0.9688728972084372,0.5999509799999999,0.475720776888489
2026-09-03T19:50:12.952,BOSOK_27,338,12.441481,26.112368,48.080112,0.0,18.087557,14.623158,15.964996,24.10767,18.493925,18.510696,17.224232,17.933836,48.515423,55.802803,68.567986,64.888702,31.186468,28.808496,anomali,6.5,d,3,3.9809000593465886,2.816694226660308,0.946340943083709,0.6258238199999999,0.5984662620021944
2026-09-03T19:50:27.834,BOSOK_27,339,19.90637,41.033722,59.393078,0.0,20.981565,16.015841,11.329997,15.067293,15.026314,10.938139,22.290184,14.180243,49.297932,61.721283,66.973381,67.206154,28.740471,27.908232,anomali,6.0,e,3,3.004611848600331,2.211642123886405,1.003475454901186,0.5401549600000001,0.5005759292074063
2026-09-03T19:50:42.787,BOSOK_27,340,16.588642,32.640461,56.564838,0.0,20.258064,16.712181,12.359997,16.574022,16.182184,10.938139,23.303373,14.180243,50.080437,60.875786,68.567986,68.364883,28.740471,27.908232,anomali,7.0,f,3,2.9424048001957486,2.1490629493580395,0.9970377871332275,0.53554128,0.49269553172762665
2026-09-03T19:50:56.676,BOSOK_27,341,39.81274,57.820244,65.99231,0.0,26.769585,18.801203,13.389997,17.076265,18.493925,11.779534,26.342943,16.265572,56.340492,67.639763,73.351799,72.999786,30.574968,29.708761,anomali,7.0,g,3,2.784494168136731,2.1387310678495304,0.9952008954543984,0.5999509799999999,0.4715278894519943
2026-09-03T19:51:09.370,BOSOK_27,342,34.836147,40.101135,48.080112,31.074923,20.258064,14.623158,11.844997,16.071779,17.338055,11.358837,24.316565,14.597308,48.515423,58.339294,65.378777,64.888702,28.128971,27.908232,anomali,6.0,h,3,2.6886507248656524,1.9951585698232583,0.9925039141518486,0.48397715999999996,0.45779643074481724
2026-09-03T19:52:05.931,BOSOK_28,343,34.006714,52.224735,66.935059,0.0,28.216589,20.890226,21.629995,33.148045,27.740889,20.614185,32.422085,22.938627,70.425613,80.32222,92.487053,89.221962,40.358959,39.611683,anomali,6.5,a,3,2.8525933626435918,2.172148746094291,0.9646966733066223,0.76007056,0.480869247462964
2026-09-03T19:52:36.660,BOSOK_28,344,17.418074,38.23597,56.564838,0.0,20.981565,16.712181,14.934997,19.085238,19.649796,12.62093,19.250612,17.099705,52.427956,60.875786,70.959892,70.682335,29.351971,28.808496,anomali,6.0,b,3,3.686109051437403,2.7234421828032365,0.9960883965144145,0.6635468800000001,0.5732067993759573
2026-09-03T19:53:03.561,BOSOK_28,345,15.75921,35.438213,49.965607,0.0,18.81106,16.015841,13.389997,18.080751,17.338055,10.517442,18.237423,14.597308,50.862942,60.875786,69.365288,70.682335,28.128971,27.908232,anomali,6.0,c,3,3.803456769381963,2.788930986065857,1.0189869724195517,0.65251038,0.583633298330996
2026-09-03T19:53:21.270,BOSOK_28,346,24.05353,47.561813,52.79385,31.988892,21.705069,18.104862,12.359997,16.574022,16.182184,10.096744,24.316565,15.014374,57.122997,65.948769,74.149101,74.158516,30.574968,30.609028,anomali,5.5,d,3,3.049323393611148,2.34913827296813,1.0001268390122708,0.65612864,0.506090426881343
2026-09-03T19:53:36.304,BOSOK_28,347,19.076937,35.438213,50.908356,0.0,20.981565,16.712181,19.569996,31.641315,23.117407,18.09,26.342943,18.767967,55.557983,64.257774,82.122124,76.475967,34.855465,32.409557,anomali,6.0,e,3,3.117422864475368,2.1090263874365185,0.9312467087131466,0.5843008,0.5142593592590174
2026-09-03T19:53:50.521,BOSOK_28,348,13.270913,29.842707,44.309124,0.0,17.364056,13.926817,15.449996,22.600939,17.338055,12.62093,23.303373,16.265572,46.950409,52.420815,63.784176,61.412521,28.740471,27.007965,anomali,6.0,f,3,2.7371208721068525,2.014746485521008,0.9628173509966874,0.47294072,0.46482877077769513
2026-09-03T19:54:08.745,BOSOK_28,349,18.247505,35.438213,50.908356,0.0,21.705069,17.408522,16.479996,24.10767,21.961536,13.883022,30.395704,22.938627,75.120659,87.086189,103.649284,104.285416,42.193455,41.412212,anomali,5.5,g,3,3.40999668571694,2.4714227472991754,1.0061372535735749,0.8944991000000002,0.5464849945389234
2026-09-03T19:54:27.128,BOSOK_28,350,15.75921,35.438213,59.393078,0.0,19.534561,16.712181,13.904997,17.076265,18.493925,10.938139,20.263803,17.933836,52.427956,61.721283,77.33831,78.793427,29.963469,28.808496,anomali,6.0,h,3,3.8165724288908516,2.5872700266233215,1.0188148255612481,0.64328306,0.5847670649541097
2026-09-03T19:57:08.453,BOSOK_29,352,110.314468,129.629257,105.5877,0.0,36.175114,20.193886,9.269998,13.560564,18.493925,11.779534,29.382515,13.34611,70.425613,67.639763,66.176079,66.047432,29.963469,56.716728,anomali,6.5,b,3,2.252225736215659,2.3968536740800865,0.9980558385673108,0.82086196,0.385036642017081
2026-09-03T19:57:19.348,BOSOK_29,353,141.832886,161.337128,122.557152,0.0,49.198154,25.068272,11.844997,17.076265,23.117407,13.462325,25.329754,17.516769,92.335808,85.395195,82.919426,81.110878,35.466965,63.91885,anomali,6.5,c,3,3.2735964693551822,3.645348136682205,0.9781889736924886,1.34012108,0.5320101887136522
2026-09-03T19:57:52.602,BOSOK_29,354,131.050262,150.146118,120.671654,0.0,45.580643,25.764612,11.844997,16.071779,23.117407,12.62093,31.408895,16.682638,97.030846,87.931686,81.324821,78.793427,34.855465,61.218056,anomali,6.5,d,3,2.5892281504242187,3.089278215843564,0.9688729264005478,1.31243902,0.44277722178720497
2026-09-03T19:58:31.807,BOSOK_29,355,16.588642,37.303383,70.706047,0.0,19.534561,16.015841,11.844997,15.067293,16.182184,9.255348,17.224232,13.763176,47.732918,59.184792,62.189571,63.729973,25.682974,25.207434,anomali,6.5,e,3,3.6105839084239526,2.7712637804322533,1.024769293750347,0.6101737199999999,0.5662155902273576
2026-09-03T19:59:24.278,BOSOK_29,356,19.90637,41.966305,63.16407,31.074923,19.534561,14.623158,10.814998,13.560564,15.026314,9.255348,22.290184,12.511978,45.385395,54.957306,58.20306,60.253796,24.459974,24.307169,anomali,6.5,f,3,2.6111508944246964,2.0361148494266135,1.035233983362046,0.46190422000000003,0.44616007199808316
2026-09-03T19:59:35.730,BOSOK_29,357,41.471603,63.415752,74.477036,0.0,23.875576,17.408522,10.299997,13.560564,16.182184,9.676046,23.303373,13.34611,52.427956,60.875786,63.784176,64.888702,26.905972,29.708761,anomali,6.5,g,3,2.7371208721068525,2.249800211411365,1.0173164552103868,0.5824916600000001,0.46482877077769513
2026-09-03T20:00:17.957,BOSOK_29,358,25.712395,46.62923,61.278576,0.0,19.534561,14.623158,10.299997,12.556078,16.182184,9.255348,22.290184,11.677847,39.12534,45.656837,46.243526,46.349072,20.17948,21.606373,anomali,6.5,h,3,2.074612989012119,1.7552713987146098,1.00228217842165,0.33670312,0.3495117731826027
2026-09-03T20:02:24.606,BOSOK_30,359,10.782617,19.584276,43.366375,0.0,15.193548,11.141454,10.299997,13.560564,13.870444,9.255348,23.303373,17.933836,50.862942,61.721283,77.33831,68.364883,26.905972,23.406904,anomali,6.5,a,3,3.318758911527996,2.1826419794928484,0.8839716585516727,0.5511913799999999,0.5369040940120116
2026-09-03T20:03:04.595,BOSOK_30,360,13.270913,27.977537,47.137363,0.0,17.364056,13.230476,9.269998,12.053835,16.182184,10.938139,27.356134,15.848506,47.732918,58.339294,70.16259,63.729973,24.459974,22.506638,anomali,7.0,b,3,2.5647836186269526,1.7448701103488853,0.9083182920815364,0.40753567999999996,0.4389562317328689
2026-09-03T20:03:45.681,BOSOK_30,361,10.782617,23.314615,39.595387,0.0,14.470046,12.534136,9.784998,12.053835,17.338055,10.938139,27.356134,17.099705,50.080437,60.875786,68.567986,64.888702,22.013977,20.706106,anomali,7.0,c,3,2.506493093471068,1.8306833375347054,0.946340943083709,0.45448606,0.4296296666959607
2026-09-03T20:04:28.120,BOSOK_30,362,11.612049,26.112368,39.595387,0.0,15.193548,14.623158,9.269998,12.053835,17.338055,10.096744,30.395704,18.350903,58.688011,71.021751,85.311333,74.158516,26.294474,23.406904,anomali,7.0,d,3,2.8066895549813373,1.9307988948705073,0.8692691193479395,0.5658461400000001,0.4746091999046524
2026-09-03T20:05:11.738,BOSOK_30,363,9.953185,18.651691,43.366375,0.0,15.193548,11.141454,9.269998,12.053835,15.026314,10.096744,28.369324,19.6021,53.99297,66.794266,83.716728,67.206154,26.905972,22.506638,anomali,6.0,e,3,2.9509585244405105,1.9032159866706777,0.802780371112883,0.51247292,0.4937938135430256
2026-09-03T20:06:19.398,BOSOK_30,364,7.464889,17.719107,35.824398,0.0,13.023041,9.748772,10.814998,14.062807,15.026314,10.096744,22.290184,13.763176,33.647793,36.356373,50.230038,44.03162,18.34498,15.304514,anomali,7.0,f,3,2.253458987391496,1.5095334298122305,0.876599202134945,0.22715218,0.3852697823691463
2026-09-03T20:07:03.474,BOSOK_30,365,9.123753,21.449446,42.42363,0.0,15.91705,11.837794,9.784998,12.556078,16.182184,10.938139,28.369324,15.848506,44.60289,51.575317,62.189571,57.93634,20.790979,18.00531,anomali,7.0,g,3,2.1921406755618587,1.5722219633354806,0.9316084634820099,0.32467132000000004,0.373461306759396
2026-09-03T20:07:48.974,BOSOK_30,366,8.294321,18.651691,36.767143,0.0,13.746543,11.141454,9.784998,12.053835,16.182184,10.096744,23.303373,15.43144,39.907848,44.81134,57.405758,47.507801,18.34498,15.304514,anomali,6.5,h,3,2.4634087677312775,1.7125345277121353,0.8275788767428388,0.33208950000000004,0.42253435704389414
2026-09-03T20:09:29.524,BOSOK_31,367,9.123753,17.719107,55.622089,0.0,15.91705,10.445113,13.389997,18.582994,19.649796,13.041628,27.356134,20.853298,46.167904,49.038826,66.973381,55.618889,24.459974,19.805841,anomali,7.0,a,3,2.448202531760324,1.687661243485193,0.8304624891996285,0.3762354,0.4199877715911323
2026-09-03T20:10:20.739,BOSOK_31,368,9.123753,16.786522,42.42363,0.0,15.193548,11.141454,13.904997,21.09421,18.493925,16.407209,27.356134,19.6021,45.385395,49.038826,65.378777,54.460159,23.236977,19.805841,anomali,7.0,b,3,2.3899120066044395,1.6590567369436278,0.8329943319382783,0.36058522000000004,0.41001429224272484
2026-09-03T20:11:10.406,BOSOK_31,369,9.123753,18.651691,38.652637,0.0,13.746543,9.748772,9.784998,12.556078,16.182184,11.358837,22.290184,17.933836,42.255367,47.347832,63.784176,53.301434,20.790979,17.105045,anomali,7.0,c,3,2.861535256265603,1.895693101639223,0.8356528058537894,0.39930366,0.48207139941889793
2026-09-03T20:11:21.546,BOSOK_31,370,10.782617,23.314615,38.652637,0.0,14.470046,11.141454,8.754998,11.551591,15.026314,12.62093,27.356134,15.43144,40.690353,49.038826,63.784176,56.777615,21.402477,19.805841,anomali,7.0,d,3,2.3316215911131337,1.4874301363525504,0.8901519100674891,0.26668438,0.39969183781667655
2026-09-03T20:11:44.026,BOSOK_31,371,10.782617,25.179783,45.251869,0.0,15.193548,11.141454,7.724998,10.044862,13.870444,11.779534,26.342943,14.180243,38.342834,45.656837,59.000362,53.301434,19.56798,18.00531,anomali,7.0,e,3,2.239701904338515,1.4555252784302504,0.903408439526449,0.23999782000000003,0.38265936822351
2026-09-03T20:12:23.169,BOSOK_31,372,14.100346,32.640461,57.507584,0.0,19.534561,13.926817,9.269998,12.053835,17.338055,13.883022,22.290184,15.848506,45.385395,50.72982,61.392269,56.777615,22.013977,20.706106,anomali,7.0,f,3,2.754227666210532,2.0361148494266135,0.9248331536934798,0.46190422000000003,0.4672673771564301
2026-09-03T20:12:57.657,BOSOK_31,373,14.100346,34.50563,56.564838,0.0,18.81106,13.926817,10.299997,12.556078,17.338055,11.779534,26.342943,17.099705,45.385395,50.72982,62.986874,56.777615,22.013977,20.706106,anomali,7.0,g,3,2.39103315410387,1.7228666429310335,0.9014196511133968,0.38084904,0.41020935817999504
2026-09-03T20:13:10.678,BOSOK_31,374,10.782617,27.044952,51.851101,0.0,16.640553,13.230476,8.754998,11.049348,13.870444,9.676046,24.316565,15.014374,42.255367,46.502335,59.000362,52.142708,20.17948,18.00531,anomali,7.0,h,3,2.426343430355632,1.7377186959923427,0.8837691396250856,0.35877603999999996,0.41628747105765534
2026-09-03T20:20:09.186,AMAN_18,375,14.100346,26.112368,64.106819,0.0,22.42857,16.712181,26.264994,45.704121,26.585018,32.814419,27.356134,24.189825,54.775478,57.493797,78.932915,69.523605,36.078465,32.409557,normal,7.0,a,3,2.8853816166488957,2.002309901570923,0.8807934711655498,0.54838688,0.48525014225594
2026-09-03T20:20:43.660,AMAN_18,376,18.247505,45.696644,57.507584,0.0,23.152073,20.193886,16.479996,20.591967,21.961536,14.30372,22.290184,19.6021,53.99297,54.957306,65.378777,61.412521,28.740471,28.808496,normal,7.0,b,3,2.9330734851388014,2.422274566116383,0.9393340534139919,0.63405572,0.4914919441680227
2026-09-03T20:20:55.227,AMAN_18,377,26.541826,57.820244,66.935059,0.0,26.769585,22.282907,15.964996,20.089724,23.117407,13.883022,30.395704,19.185034,61.035534,63.412277,70.959892,67.206154,30.574968,31.509293,normal,6.5,c,3,2.3345361125585007,2.008030934887728,0.947100434270611,0.6127966,0.4002165208306288
2026-09-03T20:21:09.510,AMAN_18,378,24.882961,55.022491,69.763298,0.0,26.046082,21.586567,17.509996,22.600939,23.117407,14.724418,29.382515,19.185034,60.253025,62.56678,70.959892,66.047432,31.186468,31.509293,normal,7.0,d,3,2.415037237269431,2.050641495242495,0.9307711839850061,0.6174102,0.4143549482169639
2026-09-03T20:21:24.029,AMAN_18,379,20.735802,41.033722,69.763298,42.042542,25.32258,19.497543,23.174994,33.148045,26.585018,18.931395,29.382515,21.687429,58.688011,61.721283,79.730217,70.682335,33.020966,31.509293,normal,7.0,e,3,2.713525028907488,1.9973780674057113,0.8865186725230318,0.5861099200000001,0.4614282537231078
2026-09-03T20:21:41.125,AMAN_18,380,16.588642,32.640461,59.393078,0.0,23.152073,18.104862,25.234993,35.65926,24.273277,20.193487,27.356134,23.772758,57.905506,62.56678,80.527519,74.158516,36.68996,33.309826,normal,6.5,f,3,2.9436721418047807,2.116727635298308,0.9209088732872954,0.61098744,0.49285854337370805
2026-09-03T20:22:04.963,AMAN_18,381,14.929777,29.842707,56.564838,0.0,21.705069,17.408522,23.174994,30.134586,26.585018,15.145116,27.356134,23.772758,60.253025,64.257774,89.297844,78.793427,36.68996,32.409557,normal,6.5,g,3,3.2642701398267238,2.202540862484128,0.8823664116273163,0.6579378199999999,0.5309866474517785
2026-09-03T20:22:21.397,AMAN_18,382,16.588642,32.640461,59.393078,0.0,23.875576,17.408522,25.234993,47.21085,26.585018,30.71093,21.276993,22.521561,59.47052,62.56678,86.905937,74.158516,36.68996,34.210091,normal,7.0,h,3,4.084500857569085,2.7950609397385526,0.8533192325721968,0.7638705400000001,0.6066478134167919
2026-09-03T20:23:58.064,AMAN_19,383,17.418074,34.50563,61.278576,0.0,23.875576,18.104862,23.689995,44.197392,23.117407,24.821161,21.276993,19.6021,56.340492,62.56678,77.33831,69.523605,32.409466,32.409557,normal,7.5,a,3,3.6348309956999114,2.6479524395423546,0.8989541665761552,0.7012699799999998,0.5684849065986334
2026-09-03T20:24:13.822,AMAN_19,384,23.224098,32.640461,59.393078,51.182228,23.152073,16.712181,21.629995,77.345436,23.117407,63.946045,24.316565,19.185034,53.99297,59.184792,75.743706,68.364883,42.193455,74.722038,normal,7.0,b,3,3.114900268643919,2.2204183771768844,0.9025815818172955,0.5935281,0.5139615888146467
2026-09-03T20:25:08.997,AMAN_19,385,19.90637,29.842707,53.736595,42.042542,20.981565,16.015841,19.569996,34.654774,19.649796,22.717674,23.303373,17.516769,50.080437,54.957306,67.770683,62.571247,29.963469,34.210091,normal,7.0,c,3,2.9081907549646333,2.1490629493580395,0.9232788426702379,0.53554128,0.48825436211445744
2026-09-03T20:25:47.706,AMAN_19,386,14.100346,27.044952,59.393078,0.0,21.705069,15.319499,23.174994,42.188419,21.961536,22.296976,23.303373,18.767967,51.645451,56.6483,78.135612,68.364883,31.797968,29.708761,normal,7.0,d,3,3.3529729138468864,2.2162211812765555,0.8749515425883473,0.56684156,0.5405439890251278
2026-09-03T20:26:10.385,AMAN_19,387,19.076937,29.842707,60.335827,0.0,26.769585,17.408522,41.714989,157.202087,48.546555,128.73349,28.369324,26.275154,65.730576,68.48526,103.649284,84.587059,48.308449,74.722038,normal,7.5,e,3,3.653567757353768,2.3169587273356504,0.8160890994587962,0.74722504,0.5702223000092305
2026-09-03T20:26:29.346,AMAN_19,388,16.588642,33.573044,58.450333,0.0,23.152073,16.712181,24.204994,51.228798,26.585018,39.124882,26.342943,20.019165,53.99297,60.030289,81.324821,70.682335,33.020966,30.609028,normal,7.5,f,3,3.0871565917458077,2.0496172164145756,0.8691359592250489,0.55300054,0.5106623454479516
2026-09-03T20:26:49.782,AMAN_19,389,14.100346,21.449446,51.851101,38.386669,21.705069,15.319499,28.324993,53.740013,33.520241,30.71093,25.329754,22.104496,55.557983,59.184792,90.892448,74.158516,34.855465,30.609028,normal,6.5,g,3,3.5883653712683623,2.1933873130440538,0.8158929534065412,0.60456458,0.5641150075512242
2026-09-03T20:27:07.275,AMAN_19,390,15.75921,23.314615,57.507584,0.0,23.152073,16.015841,34.50499,78.349922,41.611332,47.118137,26.342943,23.772758,58.688011,61.721283,97.270866,77.634697,36.68996,32.409557,normal,7.0,h,3,3.6924814769247774,2.2278448054020368,0.7981288972867892,0.64690136,0.5737863579799277
2026-09-03T20:28:03.975,AMAN_19,391,16.588642,31.707876,53.736595,0.0,20.981565,16.712181,18.024996,25.112156,20.805666,14.724418,25.329754,17.933836,52.427956,57.493797,68.567986,62.571247,29.351971,28.808496,normal,7.0,a,3,2.7070124301197596,2.0698162051569056,0.9125430324666335,0.54196404,0.4604820882289512
2026-09-03T20:28:28.957,AMAN_20,392,46.448196,41.966305,58.450333,0.0,23.875576,17.408522,13.904997,26.618885,18.493925,43.33186,18.237423,16.265572,57.905506,62.56678,69.365288,64.888702,31.186468,55.816463,normal,7.0,b,3,3.803456769381963,3.17509081458997,0.9354634647428457,0.7933616600000001,0.583633298330996
2026-09-03T20:28:47.538,AMAN_20,393,25.712395,41.033722,59.393078,0.0,22.42857,17.408522,14.419996,37.165989,18.493925,55.532089,24.316565,15.848506,54.775478,60.030289,67.770683,62.571247,29.351971,44.11301,normal,7.0,c,3,2.78701597572849,2.2525984025299617,0.9232788426702379,0.60917826,0.47187981207997315
2026-09-03T20:29:05.297,AMAN_20,394,62.207405,79.269691,82.019012,0.0,31.110598,21.586567,14.419996,18.582994,20.805666,12.62093,22.290184,16.682638,68.860603,70.176254,71.757195,67.206154,30.574968,45.013275,normal,7.0,d,3,3.2192270287104723,3.0892778681064867,0.9365770865796682,0.93140838,0.5259796313962528
2026-09-03T20:29:18.344,AMAN_20,395,36.49501,61.550583,76.362534,0.0,25.32258,18.801203,14.934997,18.582994,18.493925,11.358837,25.329754,16.265572,56.340492,62.56678,66.973381,63.729973,28.740471,33.309826,normal,7.0,e,3,2.6440586260495755,2.2242801788441455,0.9515715427937641,0.62021476,0.45116151784427283
2026-09-03T20:29:25.937,AMAN_20,396,20.735802,28.910122,49.965607,36.558735,19.534561,15.319499,14.934997,18.582994,17.338055,14.724418,22.290184,15.014374,47.732918,53.266312,62.189571,57.93634,26.294474,31.509293,normal,7.0,f,3,2.7899968479412967,2.14143124999271,0.9316084634820099,0.50885468,0.4722951940029663
2026-09-03T20:29:59.771,AMAN_20,397,58.060246,33.573044,55.622089,0.0,23.152073,16.015841,15.964996,24.10767,18.493925,37.442093,18.237423,16.682638,51.645451,54.111809,66.973381,60.253796,29.963469,66.619652,normal,7.0,g,3,3.672303059317614,2.8318377372517287,0.8996676904115546,0.66816056,0.5719456922451182
2026-09-03T20:30:10.745,AMAN_20,398,19.076937,35.438213,58.450333,0.0,21.705069,16.712181,15.449996,19.587481,19.649796,11.779534,20.263803,17.516769,53.210464,58.339294,69.365288,66.047432,28.740471,28.808496,normal,7.0,h,3,3.423111336449858,2.6258860560941817,0.9521682152940508,0.6589332200000001,0.5478297166006385
2026-09-03T20:31:25.964,AMAN_20,399,31.518419,52.224735,70.706047,0.0,28.940092,18.104862,24.719994,38.672718,31.208498,18.931395,22.290184,20.019165,69.643105,68.48526,88.500542,74.158516,33.632465,45.91354,normal,7.5,a,3,3.9703800693704143,3.12438308073945,0.8379441068344976,0.9470584200000002,0.5976163747120518
2026-09-03T20:31:55.540,AMAN_21,400,19.90637,32.640461,59.393078,0.0,21.705069,16.712181,19.569996,30.134586,20.805666,17.248604,26.342943,19.6021,55.557983,59.184792,75.743706,68.364883,33.632465,37.811153,normal,7.0,b,3,2.8752929104037803,2.1090263874365185,0.9025815818172955,0.5843008,0.48391007682992143
2026-09-03T20:32:15.724,AMAN_21,401,22.394667,43.831474,66.935059,0.0,24.599077,18.801203,21.114994,33.148045,20.805666,19.772791,21.276993,19.6021,58.688011,65.948769,81.324821,76.475967,35.466965,34.210091,normal,7.5,c,3,3.8221934263956254,2.7582837206913022,0.9403765868262302,0.7482203599999999,0.5852510770178899
2026-09-03T20:32:31.811,AMAN_21,402,21.565233,36.3708,57.507584,0.0,20.258064,15.319499,14.934997,20.089724,16.182184,13.041628,25.329754,18.350903,57.122997,65.103271,76.541008,72.999786,34.243965,33.309826,normal,7.5,d,3,3.0217813320329396,2.2551728867272507,0.9537341925606476,0.63586486,0.5027080191362444
2026-09-03T20:33:00.137,AMAN_21,403,19.90637,36.3708,55.622089,0.0,20.258064,15.319499,15.964996,23.103182,17.338055,18.510696,25.329754,18.350903,56.340492,63.412277,75.743706,71.841064,33.632465,34.210091,normal,7.5,e,3,2.990304449737471,2.2242801788441455,0.9484755672668608,0.62021476,0.49878521040189866
2026-09-03T20:33:29.233,AMAN_21,404,26.541826,41.966305,66.935059,0.0,24.599077,18.801203,17.509996,24.609913,19.649796,22.717674,23.303373,19.185034,61.035534,68.48526,80.527519,76.475967,34.855465,42.312481,normal,7.0,f,3,3.455614963715783,2.619170529875426,0.9496872429799752,0.75464322,0.5511282758576054
2026-09-03T20:33:50.755,AMAN_21,405,76.307747,99.786552,99.931213,0.0,38.345619,27.157293,15.964996,20.591967,25.429148,15.145116,35.461655,21.270363,82.945724,86.240692,87.703239,85.745781,37.91296,49.514603,normal,7.0,g,3,2.4731844655348243,2.3390250852575587,0.9776807812444895,0.9496813799999999,0.424159661586713
2026-09-03T20:34:09.800,AMAN_21,406,50.595356,83.000031,88.618248,0.0,30.387096,20.193886,12.874997,17.578508,18.493925,13.462325,30.395704,18.350903,70.425613,76.094734,75.743706,72.999786,33.632465,40.511948,normal,7.0,h,3,2.4919206043325715,2.3169586672647333,0.9637734964046389,0.80059818,0.42724938576072874
2026-09-03T20:35:25.014,AMAN_22,407,17.418074,35.438213,55.622089,0.0,20.981565,17.408522,16.994995,21.09421,19.649796,11.779534,27.356134,17.933836,53.99297,60.875786,70.16259,66.047432,30.574968,28.808496,normal,8.0,a,3,2.5647836186269526,1.9737054315842173,0.9413481256395858,0.5327367199999999,0.4389562317328689
2026-09-03T20:35:55.340,AMAN_22,409,20.735802,39.168552,57.507584,38.386669,21.705069,16.015841,13.389997,17.076265,16.182184,12.200233,24.316565,17.099705,56.340492,62.56678,70.16259,67.206154,30.574968,30.609028,normal,7.0,c,3,2.8853812677155393,2.3169583709876904,0.9578629355240541,0.64047854,0.485250107788315
2026-09-03T20:36:46.600,AMAN_22,410,34.836147,54.089905,66.935059,0.0,25.32258,20.193886,15.449996,19.587481,18.493925,11.779534,26.342943,17.516769,61.818039,70.176254,74.149101,74.158516,31.797968,31.509293,normal,8.0,d,3,2.8147604029054754,2.3466632233675546,1.0001268390122708,0.7095019199999999,0.475720776888489
2026-09-03T20:37:00.842,AMAN_22,411,17.418074,36.3708,68.820549,42.042542,22.42857,18.104862,15.449996,19.085238,17.338055,11.358837,25.329754,17.516769,55.557983,62.56678,70.959892,69.523605,31.186468,28.808496,normal,8.0,e,3,2.8014430770061653,2.1933873130440538,0.9797590334890823,0.60456458,0.47388411066708963
2026-09-03T20:37:15.898,AMAN_22,412,18.247505,35.438213,59.393078,0.0,20.981565,15.319499,13.389997,16.574022,15.026314,11.779534,26.342943,17.099705,54.775478,61.721283,74.946404,69.523605,33.020966,29.708761,normal,7.5,f,3,2.8450266756350358,2.0793218588667717,0.9276441832160242,0.5686507,0.4798476605987339
2026-09-03T20:37:28.961,AMAN_22,413,17.418074,35.438213,61.278576,0.0,21.705069,17.408522,13.904997,16.574022,16.182184,10.938139,18.237423,16.265572,52.427956,58.339294,67.770683,66.047432,28.740471,27.908232,normal,7.5,g,3,3.716020944394971,2.8747442691084872,0.9745721797473724,0.68381066,0.5759137893451823
2026-09-03T20:37:41.543,AMAN_22,414,17.418074,34.50563,57.507584,0.0,19.534561,14.623158,13.389997,17.578508,15.026314,10.938139,25.329754,17.099705,53.210464,59.184792,70.16259,67.206154,31.186468,29.708761,normal,7.0,h,3,2.7699661947106966,2.100709031477751,0.9578629355240541,0.5576142000000001,0.46949136891106474
2026-09-03T20:39:14.181,AMAN_23,415,20.735802,33.573044,57.507584,0.0,22.42857,16.015841,23.689995,44.699635,19.649796,27.766045,20.263803,19.185034,62.600548,70.176254,86.905937,78.793427,36.68996,39.611683,normal,8.0,a,3,4.288725769429475,3.0892778175558573,0.9066517277580555,0.8467349000000002,0.6218371695371129
2026-09-03T20:39:31.720,AMAN_23,416,48.107059,70.876427,85.790001,0.0,29.663593,20.890226,14.934997,21.596453,18.493925,16.827906,24.316565,18.350903,81.380707,90.468178,87.703239,82.2696,38.52446,54.916195,normal,8.0,b,3,3.6067266463307432,3.34671749619344,0.9380450660385454,1.1412828400000001,0.5658523410867295
2026-09-03T20:40:00.289,AMAN_23,417,74.648888,46.62923,65.99231,0.0,29.663593,18.104862,15.964996,126.063019,31.208498,297.012543,22.290184,21.687429,80.598206,76.940231,86.905937,78.793427,77.660423,315.993195,normal,7.5,c,3,3.898841661046108,3.615859332583647,0.9066517277580555,1.16616044,0.5917403154146551
2026-09-03T20:40:17.929,AMAN_23,418,59.719109,53.157322,73.534286,0.0,29.663593,20.890226,16.994995,45.704121,25.429148,100.126045,22.290184,18.350903,66.513077,66.794266,73.351799,64.888702,36.078465,114.333717,normal,7.5,d,3,3.290765392172002,2.9839613329520596,0.8846230636247838,0.8844578599999999,0.5338827997864913
2026-09-03T20:40:58.641,AMAN_23,419,24.05353,41.033722,67.877808,0.0,25.32258,19.497543,19.054995,26.116642,21.961536,15.986511,26.342943,18.767967,57.122997,59.184792,71.757195,64.888702,29.351971,35.110355,normal,8.0,e,3,2.7239616985992416,2.1684355964192776,0.9042813470786661,0.6156010799999999,0.4629376502061953
2026-09-03T20:41:23.385,AMAN_23,420,92.896393,137.089935,134.812866,0.0,47.027649,26.460953,16.479996,21.596453,25.429148,18.09,27.356134,19.185034,107.985939,90.468178,85.311333,76.475967,37.30146,104.430801,normal,8.0,f,3,3.1185437903821533,3.9474108266135755,0.8964337485579144,1.6125961000000002,0.5143915577340922
2026-09-03T20:41:57.411,AMAN_23,422,29.030123,48.4944,76.362534,0.0,25.32258,18.801203,16.994995,47.21085,19.649796,48.80093,24.316565,16.265572,56.340492,60.030289,70.959892,64.888702,44.027954,85.525223,normal,8.0,h,3,2.918169684669819,2.3169583709876904,0.9144418209596737,0.64047854,0.48955768899365254
2026-09-03T20:43:26.721,AMAN_24,423,20.735802,33.573044,55.622089,34.730797,21.705069,16.015841,18.024996,27.623371,19.649796,15.145116,25.329754,17.099705,54.775478,62.56678,75.743706,69.523605,31.186468,32.409557,normal,7.5,a,3,2.990304449737471,2.162494605160948,0.9178795109550738,0.58891448,0.49878521040189866
2026-09-03T20:43:40.660,AMAN_24,424,19.076937,34.50563,58.450333,0.0,20.258064,13.926817,15.449996,22.098696,17.338055,12.200233,24.316565,16.682638,54.775478,61.721283,74.149101,68.364883,29.963469,29.708761,normal,7.5,b,3,3.049323393611148,2.2525984025299617,0.9219919440436717,0.60917826,0.506090426881343
2026-09-03T20:43:50.860,AMAN_24,425,34.836147,56.887661,75.419785,0.0,24.599077,16.015841,15.449996,24.10767,17.338055,13.883022,20.263803,16.265572,61.035534,65.948769,74.149101,67.206154,31.186468,40.511948,normal,7.5,c,3,3.659187982044643,3.0120458573122444,0.9063649326827397,0.81543462,0.5707407569265366
2026-09-03T20:44:12.960,AMAN_24,426,29.030123,49.426983,64.106819,0.0,24.599077,19.497543,14.934997,19.085238,19.649796,13.041628,20.263803,16.682638,59.47052,66.794266,73.351799,71.841064,31.186468,32.409557,normal,7.5,d,3,3.6198418826703547,2.934813897068632,0.9794041207627204,0.7841343399999999,0.5670848575983246
2026-09-03T20:44:28.235,AMAN_24,427,17.418074,28.910122,56.564838,0.0,20.258064,13.926817,16.479996,23.605425,18.493925,21.034883,24.316565,18.350903,53.210464,60.030289,73.351799,69.523605,31.797968,31.509293,normal,7.5,e,3,3.0165349766568688,2.1882384340722325,0.9478103668854302,0.57787798,0.5020584657219747
2026-09-03T20:44:37.964,AMAN_24,428,14.100346,24.2472,58.450333,0.0,18.81106,13.230476,15.964996,22.600939,16.182184,12.62093,24.316565,17.933836,48.515423,54.111809,68.567986,66.047432,29.963469,27.007965,normal,7.5,f,3,2.8198044338069814,1.9951585698232583,0.9632399348524053,0.48397715999999996,0.47641309302199325
2026-09-03T20:44:49.029,AMAN_24,429,14.929777,27.044952,51.851101,0.0,18.81106,13.230476,16.994995,23.605425,17.338055,13.041628,22.290184,17.933836,50.862942,57.493797,72.554497,68.364883,31.186468,28.808496,normal,7.5,g,3,3.254996210441237,2.2818528183289923,0.942255496271238,0.57145516,0.5299644341716502
2026-09-03T20:45:02.082,AMAN_24,430,15.75921,25.179783,48.080112,0.0,18.087557,13.230476,16.479996,23.103182,17.338055,12.62093,23.303373,17.933836,52.427956,58.339294,72.554497,67.206154,31.797968,29.708761,normal,7.5,h,3,3.1134748547024267,2.249800211411365,0.9262850342295069,0.5824916600000001,0.5137931696382185
2026-09-03T20:46:37.431,AMAN_25,431,29.859554,54.089905,67.877808,0.0,23.152073,18.104862,15.449996,20.089724,20.805666,12.62093,25.329754,15.848506,54.775478,58.339294,65.378777,57.93634,26.905972,28.808496,normal,8.0,a,3,2.581104861458638,2.162494605160948,0.8861641926761351,0.58891448,0.44151325286998055
2026-09-03T20:46:50.939,AMAN_25,432,13.270913,26.112368,49.022858,0.0,18.087557,14.623158,15.449996,20.089724,17.338055,15.565813,16.211042,15.014374,44.60289,49.038826,58.20306,53.301434,25.071474,24.307169,normal,8.0,b,3,3.5903320771532905,2.751387756945077,0.9157838924991413,0.5678369600000001,0.5643018087751958
2026-09-03T20:47:31.374,AMAN_25,433,14.929777,27.977537,59.393078,0.0,18.81106,14.623158,14.934997,19.587481,16.182184,13.883022,17.224232,15.43144,45.385395,49.884323,60.594967,57.93634,26.294474,25.207434,normal,7.0,c,3,3.518004856178867,2.6349719772864315,0.9561244655642002,0.56322326,0.5573268548643304
2026-09-03T20:47:47.147,AMAN_25,434,15.75921,35.438213,69.763298,0.0,20.981565,16.015841,12.874997,15.067293,15.026314,10.517442,23.303373,14.597308,45.385395,49.038826,58.20306,55.618889,24.459974,23.406904,normal,8.0,d,3,2.4976227700501683,1.947588253602492,0.9556006066346672,0.44164044,0.4281831682925974
2026-09-03T20:48:14.259,AMAN_25,435,59.719109,84.865196,92.389236,0.0,30.387096,21.586567,14.419996,18.080751,21.961536,15.145116,28.369324,16.265572,82.945724,71.867249,72.554497,66.047432,30.574968,60.317791,normal,8.5,e,3,2.5574973666988448,2.9237811504492845,0.9103146686669651,1.091528,0.43780713199442456
2026-09-03T20:48:31.764,AMAN_25,436,63.866268,96.056213,103.702202,0.0,31.834101,21.586567,12.874997,16.071779,20.805666,13.041628,26.342943,15.014374,97.030846,72.712746,67.770683,61.412521,28.128971,68.420181,normal,8.0,f,3,2.5726304488338876,3.683370121793103,0.9061810980743548,1.41375806,0.4401884972332808
2026-09-03T20:49:33.237,AMAN_25,437,14.929777,30.775291,61.278576,0.0,20.981565,16.712181,18.539995,27.623371,18.493925,14.724418,23.303373,17.099705,49.297932,54.111809,67.770683,62.571247,29.351971,27.908232,normal,7.0,g,3,2.9081907549646333,2.1154839192232306,0.9232788426702379,0.51989118,0.48825436211445744
2026-09-03T20:49:55.505,AMAN_25,438,13.270913,23.314615,55.622089,0.0,20.981565,15.319499,21.629995,33.148045,24.273277,17.248604,19.250612,22.104496,56.340492,60.875786,88.500542,77.634697,34.243965,30.609028,normal,8.0,h,3,4.59728220729699,2.926684239085885,0.8772227431982571,0.7417975999999998,0.6426838228865908
2026-09-03T20:50:54.596,AMAN_26,439,18.247505,36.3708,57.507584,0.0,21.705069,17.408522,17.509996,23.605425,18.493925,13.041628,19.250612,16.265572,50.080437,53.266312,63.784176,59.095066,26.905972,27.908232,normal,8.0,a,3,3.3133566281650535,2.601497084094218,0.9264845991763538,0.6165965000000001,0.5363241083575586
2026-09-03T20:51:12.047,AMAN_26,440,19.076937,31.707876,51.851101,0.0,18.81106,13.926817,14.934997,22.600939,15.026314,13.041628,23.303373,16.265572,49.297932,54.111809,66.176079,61.412521,28.740471,30.609028,normal,7.5,b,3,2.8397627503268517,2.1154839192232306,0.9280167795954215,0.51989118,0.4791345973895104
2026-09-03T20:51:27.023,AMAN_26,441,28.200691,37.303383,59.393078,0.0,22.42857,17.408522,14.419996,59.264687,18.493925,75.304878,18.237423,15.848506,52.427956,54.957306,63.784176,59.095066,44.027954,117.034515,normal,7.0,c,3,3.49743168350502,2.8747442691084872,0.9264845991763538,0.68381066,0.5553018717299242
2026-09-03T20:52:08.818,AMAN_26,442,19.076937,44.764061,70.706047,0.0,23.875576,18.801203,15.449996,19.587481,18.493925,12.200233,22.290184,15.848506,50.080437,53.266312,62.986874,59.095066,26.294474,26.1077,normal,8.0,d,3,2.825766074534838,2.246747471107699,0.9382122474894932,0.5558050600000001,0.4772290013535644
2026-09-03T20:53:23.408,AMAN_26,443,23.224098,30.775291,54.679344,0.0,19.534561,13.230476,12.874997,22.098696,15.026314,26.503952,24.316565,16.265572,50.862942,57.493797,67.770683,66.047432,29.963469,34.210091,normal,7.5,e,3,2.78701597572849,2.0916984402614265,0.9745721797473724,0.53092754,0.47187981207997315
2026-09-03T20:53:42.113,AMAN_26,444,36.49501,36.3708,58.450333,0.0,22.42857,15.319499,16.479996,24.10767,17.338055,26.083256,22.290184,15.848506,49.297932,53.266312,66.973381,61.412521,31.797968,68.420181,normal,7.0,f,3,3.004611848600331,2.211642123886405,0.9169689645847556,0.5401549600000001,0.5005759292074063
2026-09-03T20:53:57.449,AMAN_26,445,17.418074,30.775291,54.679344,0.0,20.258064,14.623158,20.084995,37.165989,17.338055,20.193487,23.303373,17.516769,53.210464,60.030289,74.946404,68.364883,32.409466,30.609028,normal,7.5,g,3,3.2161169045713236,2.283379370282847,0.9121835102077066,0.59814182,0.5256299537830041
2026-09-03T20:54:20.734,AMAN_26,446,16.588642,25.179783,57.507584,0.0,20.258064,13.230476,19.569996,34.654774,18.493925,20.193487,24.316565,17.933836,49.297932,53.266312,70.959892,62.571247,31.797968,29.708761,normal,8.0,h,3,2.918169684669819,2.027338636300548,0.8817831653713388,0.49962734000000003,0.48955768899365254
2026-09-03T20:56:42.855,AMAN_27,447,31.518419,46.62923,57.507584,0.0,23.152073,16.015841,19.569996,34.654774,23.117407,23.559069,26.342943,19.185034,59.47052,61.721283,81.324821,69.523605,34.243965,50.414867,normal,7.0,a,3,3.0871565917458077,2.2575494858150487,0.8548877894378901,0.66255154,0.5106623454479516
2026-09-03T20:56:53.788,AMAN_27,448,25.712395,51.292152,69.763298,0.0,26.046082,20.193886,18.539995,30.134586,21.961536,18.510696,29.382515,21.270363,69.643105,75.249237,86.108635,81.110878,36.078465,40.511948,normal,7.0,b,3,2.930607053001742,2.37022192612786,0.9419597532860956,0.8052118000000001,0.49117283089026037
2026-09-03T20:57:14.062,AMAN_27,449,34.006714,59.685413,65.99231,0.0,25.32258,18.104862,16.994995,25.614399,18.493925,15.145116,28.369324,19.185034,58.688011,62.56678,73.351799,67.206154,32.409466,32.409557,normal,7.0,c,3,2.585601727555536,2.068713033587606,0.9162167220715715,0.6063737400000001,0.4422136646865701
2026-09-03T20:57:29.596,AMAN_27,450,32.347851,53.157322,64.106819,0.0,24.599077,18.104862,15.449996,22.098696,19.649796,16.407209,29.382515,18.767967,63.383053,67.639763,76.541008,70.682335,33.020966,47.714073,normal,7.0,d,3,2.604984016860362,2.157168350916063,0.9234569495796356,0.6800107599999998,0.44521261389572425
2026-09-03T20:57:47.657,AMAN_27,451,38.983307,47.561813,66.935059,0.0,26.046082,16.015841,14.934997,24.609913,18.493925,21.034883,20.263803,17.933836,54.775478,58.339294,71.757195,66.047432,31.797968,57.616993,normal,7.0,e,3,3.5411496839217773,2.703118016337794,0.9204292725726985,0.6902334999999999,0.5595830030464348
2026-09-03T20:58:09.437,AMAN_27,452,17.418074,33.573044,66.935059,0.0,23.875576,17.408522,26.264994,69.81179,24.273277,49.221626,21.276993,21.270363,55.557983,59.184792,77.33831,69.523605,36.078465,43.212746,normal,7.0,f,3,3.6348309956999114,2.6111752204951046,0.8989541665761552,0.6856198,0.5684849065986334
2026-09-03T20:58:47.813,AMAN_27,453,17.418074,37.303383,63.16407,0.0,22.42857,16.015841,20.084995,40.179447,21.961536,30.290232,26.342943,20.853298,56.340492,62.56678,78.932915,71.841064,34.855465,34.210091,normal,7.0,g,3,2.996357887439574,2.1387310678495304,0.9101533232171493,0.5999509799999999,0.49954441600994437
2026-09-03T20:59:02.508,AMAN_27,454,16.588642,24.2472,55.622089,0.0,20.258064,15.319499,26.264994,56.251228,25.429148,41.228371,23.303373,19.6021,46.167904,47.347832,68.567986,57.93634,29.351971,27.908232,normal,7.0,h,3,2.9424048001957486,1.9811674553861987,0.8449472549846724,0.45729062,0.49269553172762665
2026-09-03T21:00:45.096,AMAN_28,455,12.441481,21.449446,79.190773,0.0,26.046082,17.408522,38.109989,108.986755,43.923073,93.815575,32.422085,29.611683,56.340492,56.6483,90.095146,71.841064,39.13596,36.910885,normal,7.0,a,3,2.778819382276191,1.7377190462244956,0.7973909718298284,0.4783681399999999,0.47073424547652026
2026-09-03T21:01:21.210,AMAN_28,456,15.75921,26.112368,69.763298,0.0,23.875576,16.712181,31.929993,65.793846,35.831982,40.807674,29.382515,24.606892,60.253025,63.412277,90.095146,76.475967,36.68996,33.309826,normal,7.0,b,3,3.0662833095521913,2.050641495242495,0.8488355023215676,0.6174102,0.5081504392565537
2026-09-03T21:01:36.498,AMAN_28,457,25.712395,30.775291,66.935059,0.0,23.875576,17.408522,27.809994,55.246742,26.585018,33.235115,21.276993,22.104496,53.210464,57.493797,78.932915,68.364883,33.632465,34.210091,normal,7.0,c,3,3.709775996177657,2.500843939346157,0.8661136401571335,0.63866942,0.5753514537353477
2026-09-03T21:02:08.932,AMAN_28,459,14.100346,25.179783,85.790001,0.0,24.599077,16.712181,33.474991,78.349922,39.299591,55.952789,27.356134,28.360485,63.383053,65.948769,102.851982,84.587059,44.639454,40.511948,normal,7.5,e,3,3.759739749871181,2.3169585962115127,0.8224153694563348,0.7205383799999998,0.579809035881524
2026-09-03T21:02:26.863,AMAN_28,460,14.929777,27.044952,72.591545,0.0,23.152073,16.712181,25.234993,40.68169,27.740889,23.138371,20.263803,22.104496,50.080437,54.111809,77.33831,68.364883,31.797968,30.609028,normal,7.5,f,3,3.8165724288908516,2.4714221849560105,0.8839716585516727,0.5963326800000001,0.5847670649541097
2026-09-03T21:02:52.411,AMAN_28,461,17.418074,27.044952,71.648796,0.0,23.875576,16.712181,36.564991,78.349922,39.299591,49.642323,26.342943,22.521561,53.99297,56.6483,87.703239,72.999786,35.466965,40.511948,normal,7.0,g,3,3.3292865458173955,2.0496172164145756,0.8323498482935335,0.55300054,0.5380302044631178
2026-09-03T21:03:06.377,AMAN_28,462,16.588642,36.3708,75.419785,0.0,26.046082,19.497543,31.929993,63.282631,32.364368,36.600697,28.369324,22.521561,57.122997,60.875786,84.51403,72.999786,34.243965,31.509293,normal,7.0,h,3,2.979062885297202,2.0135473395321863,0.8637592759735542,0.57507346,0.49736917833171596
2026-09-03T21:04:25.318,AMAN_29,463,19.90637,39.168552,62.221321,0.0,23.875576,17.408522,29.869993,55.246742,30.052628,30.290232,26.342943,19.185034,59.47052,63.412277,84.51403,72.999786,39.747459,44.11301,normal,8.0,a,3,3.208221568781602,2.2575494858150487,0.8637592759735542,0.66255154,0.5247399435360783
2026-09-03T21:04:40.444,AMAN_29,464,22.394667,38.23597,56.564838,0.0,21.705069,14.623158,25.749994,48.21534,20.805666,25.662558,19.250612,17.516769,57.905506,63.412277,80.527519,69.523605,34.855465,42.312481,normal,7.5,b,3,4.183112576829985,3.0079810408203955,0.8633520221389135,0.77309788,0.6141315761735828
2026-09-03T21:05:00.346,AMAN_29,465,38.153873,37.303383,55.622089,0.0,24.599077,14.623158,28.839993,61.273659,25.429148,54.690697,23.303373,18.767967,64.165558,60.875786,86.905937,75.317245,50.754448,95.428146,normal,7.5,c,3,3.729327068091358,2.7534868220635604,0.866652370752027,0.8172437000000001,0.5771069452202409
2026-09-03T21:05:21.563,AMAN_29,466,24.05353,38.23597,65.99231,0.0,24.599077,16.015841,36.564991,63.784874,38.143719,38.704185,21.276993,19.6021,59.47052,64.257774,87.703239,74.158516,38.52446,49.514603,normal,7.5,d,3,4.121973334308407,2.7950609397385526,0.8455617875684401,0.7638705400000001,0.6095255872160753
2026-09-03T21:05:43.943,AMAN_29,467,24.882961,53.157322,85.790001,0.0,25.32258,17.408522,23.689995,37.668232,20.805666,18.931395,28.369324,17.099705,57.905506,65.103271,76.541008,69.523605,32.409466,36.01062,normal,7.5,e,3,2.6980192062316304,2.041130257058555,0.9083182692971238,0.5907236400000001,0.45917002157899744
2026-09-03T21:06:05.262,AMAN_29,468,41.471603,79.269691,115.957916,45.698418,31.834101,20.193886,16.479996,25.112156,20.805666,15.565813,30.395704,17.099705,79.033188,78.631226,81.324821,72.999786,38.52446,57.616993,normal,7.5,f,3,2.6755358008698202,2.600142506933708,0.8976321881320601,0.9727496800000001,0.4558617357140297
2026-09-03T21:06:53.609,AMAN_29,469,65.525131,74.606766,64.106819,0.0,57.880184,17.408522,38.624989,69.309547,41.611332,52.166512,19.250612,20.853298,70.425613,60.875786,93.284355,75.317245,52.588947,89.126289,normal,7.5,g,3,4.845783944020095,3.6583551949646096,0.8073940901028805,1.02350002,0.6578731783985702
2026-09-03T21:08:51.927,AMAN_30,471,21.565233,51.292152,98.988464,0.0,28.216589,22.979248,23.174994,28.627857,23.117407,15.145116,25.329754,17.933836,61.818039,69.330757,73.351799,66.047432,31.186468,35.110355,normal,7.5,a,3,2.895873763371818,2.440529607776843,0.9004199473798935,0.7297657,0.486636444945648
2026-09-03T21:09:10.891,AMAN_30,472,18.247505,34.50563,68.820549,0.0,21.705069,15.319499,24.204994,33.148045,17.338055,15.986511,27.356134,17.933836,58.688011,64.257774,76.541008,70.682335,33.020966,34.210091,normal,7.5,b,3,2.79794579236021,2.1453319956204355,0.9234569495796356,0.62663754,0.4733996365944661
2026-09-03T21:09:34.528,AMAN_30,473,19.90637,32.640461,64.106819,0.0,21.705069,14.623158,19.569996,30.134586,19.649796,21.876278,19.250612,18.350903,57.122997,58.339294,77.33831,67.206154,37.30146,48.614338,normal,7.5,c,3,4.017444735032458,2.9673325360603933,0.868989060015785,0.7574476999999998,0.6013908301626111
2026-09-03T21:09:55.958,AMAN_30,474,18.247505,38.23597,78.248024,0.0,23.152073,16.015841,25.234993,33.650288,17.338055,17.248604,20.263803,17.516769,54.775478,61.721283,75.743706,70.682335,33.020966,36.01062,normal,7.5,d,3,3.737880230142274,2.703118016337794,0.9331775457121748,0.6902334999999999,0.5778703957551492
2026-09-03T21:10:14.226,AMAN_30,475,15.75921,27.044952,61.278576,0.0,21.705069,14.623158,40.68499,58.762444,32.364368,28.607441,20.263803,22.104496,55.557983,62.56678,89.297844,76.475967,37.30146,32.409557,normal,7.5,e,3,4.406764116901395,2.7417338977614927,0.8564143881889927,0.7058835999999999,0.6300930717029956
2026-09-03T21:10:42.351,AMAN_30,476,19.90637,31.707876,65.99231,52.096195,23.875576,15.319499,44.804989,65.291603,32.364368,35.338604,25.329754,20.436232,61.035534,62.56678,88.500542,74.158516,40.358959,43.212746,normal,7.5,f,3,3.493934724381956,2.4096368998937376,0.8379441068344976,0.7141156,0.5549557953397752
2026-09-03T21:12:38.827,AMAN_31,479,19.076937,43.831474,98.045715,0.0,26.769585,17.408522,58.709984,77.847679,34.676109,37.442093,28.369324,21.687429,60.253025,68.48526,89.297844,74.158516,44.639454,40.511948,normal,8.0,a,3,3.147689120936008,2.123878727643025,0.8304624655369658,0.6376740200000001,0.5178038688069837
2026-09-03T21:12:56.579,AMAN_31,480,26.541826,52.224735,114.072426,0.0,28.216589,16.712181,18.539995,41.686176,26.585018,31.131626,26.342943,16.265572,76.685669,72.712746,78.932915,69.523605,54.423443,67.519913,normal,7.5,b,3,2.996357887439574,2.911050594821317,0.8807934711655498,1.00685452,0.49954441600994437
2026-09-03T21:14:02.552,AMAN_31,482,28.200691,54.089905,102.759453,0.0,31.834101,16.712181,16.994995,21.09421,16.182184,14.30372,26.342943,15.014374,62.600548,65.103271,68.567986,63.729973,33.020966,41.412212,normal,7.5,d,3,2.602896721563448,2.376367903780567,0.9294419658990762,0.7251521,0.4448912153318807
2026-09-03T21:15:14.563,AMAN_31,483,14.929777,31.707876,71.648796,0.0,22.42857,16.712181,37.07999,48.21534,24.273277,23.138371,20.263803,18.767967,48.515423,53.266312,71.757195,63.729973,29.963469,27.007965,normal,8.0,e,3,3.5411496839217773,2.3941902247123976,0.8881334355205167,0.5650324,0.5595830030464348
2026-09-03T21:15:42.837,AMAN_31,484,29.859554,58.752831,126.32814,0.0,33.281105,20.193886,26.264994,30.134586,18.493925,14.724418,18.237423,15.014374,57.905506,56.6483,63.784176,57.93634,30.574968,48.614338,normal,7.5,f,3,3.49743168350502,3.17509081458997,0.9083182467829878,0.7933616600000001,0.5553018717299242
2026-09-03T21:16:03.135,AMAN_31,485,79.625481,91.393288,99.931213,0.0,107.078339,26.460953,16.994995,57.255714,17.338055,59.739067,15.197852,19.6021,79.815697,60.875786,60.594967,54.460159,122.911377,137.740631,normal,8.0,g,3,3.9870717999676533,5.251771400477252,0.8987569877285373,1.2923569000000001,0.5989631947898396
2026-09-03T21:16:24.162,AMAN_31,486,13.270913,21.449446,51.851101,0.0,20.981565,13.926817,45.834988,54.744499,38.143719,21.45558,22.290184,17.933836,53.210464,51.575317,94.87896,63.729973,40.358959,30.609028,normal,7.5,h,3,4.256533612942086,2.387169174032312,0.6716975637488476,0.6184056,0.6195212094814647
2026-09-03T21:17:39.395,AMAN_32,487,29.030123,61.550583,140.469345,0.0,39.069122,31.335339,35.019993,59.264687,38.143719,37.862789,37.488037,28.360485,77.468178,82.858704,102.851982,79.952148,74.602921,74.722038,normal,8.0,a,3,2.743594031452212,2.0664767625798164,0.7773514780345722,0.7996028199999999,0.4657541078319144
2026-09-03T21:18:58.491,AMAN_32,488,19.076937,41.966305,96.160225,0.0,26.046082,18.104862,55.619987,71.820763,31.208498,33.655811,20.263803,19.185034,53.210464,55.802803,73.351799,62.571247,37.30146,33.309826,normal,7.5,b,3,3.6198418826703547,2.6258860560941817,0.8530293642792095,0.6589332200000001,0.5670848575983246
2026-09-03T21:19:48.653,AMAN_32,489,29.030123,68.078674,152.725067,0.0,32.557602,23.675589,24.204994,35.65926,25.429148,24.821161,29.382515,16.682638,64.165558,65.103271,68.567986,61.412521,34.855465,46.813808,normal,7.5,c,3,2.3336315037594626,2.1837999967667856,0.8956440990341907,0.6956608600000002,0.4000537679686021
2026-09-03T21:20:13.249,AMAN_32,490,23.224098,59.685413,144.240341,0.0,30.387096,21.586567,21.629995,42.690662,27.740889,35.7593,29.382515,16.265572,62.600548,63.412277,63.784176,57.93634,44.639454,59.417522,normal,7.5,d,3,2.170820104807194,2.1305367050653405,0.9083182467829878,0.6643606600000002,0.369248461421855
2026-09-03T21:20:59.914,AMAN_32,491,28.200691,59.685413,132.927368,57.580006,33.281105,23.675589,19.054995,32.645802,25.429148,24.400465,30.395704,16.682638,75.120659,66.794266,66.973381,61.412521,41.581959,56.716728,normal,7.5,e,3,2.2033823913463593,2.4714227472991754,0.9169689645847556,0.8944991000000002,0.3756600284720733
2026-09-03T21:21:48.312,AMAN_32,492,21.565233,49.426983,112.186928,55.752068,29.663593,18.801203,38.624989,45.704121,26.585018,20.614185,27.356134,17.516769,56.340492,60.030289,70.959892,62.571247,31.797968,32.409557,normal,8.0,f,3,2.593928881204895,2.0595187684346157,0.8817831653713388,0.57968716,0.443506062429124
2026-09-03T21:22:41.050,AMAN_32,493,23.224098,50.359566,110.30143,0.0,30.387096,20.193886,33.474991,40.179447,23.117407,18.510696,25.329754,16.265572,54.775478,56.6483,65.378777,59.095066,28.128971,35.110355,normal,8.0,g,3,2.581104861458638,2.162494605160948,0.9038874642932729,0.58891448,0.44151325286998055
2026-09-03T21:23:29.918,AMAN_32,494,25.712395,38.23597,75.419785,0.0,34.728111,19.497543,29.354992,35.65926,24.273277,21.034883,25.329754,17.099705,68.078094,65.103271,75.743706,64.888702,47.696949,46.813808,normal,7.5,h,3,2.990304449737471,2.6876718630303857,0.8566875963677302,0.8549667999999998,0.49878521040189866
2026-09-03T21:24:53.990,AMAN_33,495,15.75921,28.910122,62.221321,0.0,21.705069,16.015841,41.714989,56.753471,31.208498,24.400465,25.329754,20.019165,51.645451,58.339294,82.122124,69.523605,32.409466,28.808496,normal,8.0,a,3,3.2421195870597135,2.0389234972738,0.8465879004069718,0.52631394,0.5285376651548459
2026-09-03T21:25:16.058,AMAN_33,496,14.929777,28.910122,61.278576,42.042542,20.258064,16.015841,23.689995,29.632343,19.649796,13.462325,23.303373,15.43144,47.732918,53.266312,66.973381,61.412521,27.517471,27.007965,normal,7.5,b,3,2.8739767526457425,2.048325687304714,0.9169689645847556,0.48859089999999994,0.4837347515026125
2026-09-03T21:25:55.979,AMAN_33,497,12.441481,21.449446,52.79385,0.0,19.534561,14.623158,35.019993,45.704121,33.520241,19.772791,16.211042,17.516769,46.167904,48.193329,74.946404,60.253796,30.574968,24.307169,normal,7.0,c,3,4.623167207162127,2.8479276977212833,0.803958358834887,0.59913724,0.6443286657758418
2026-09-03T21:26:17.398,AMAN_33,498,14.100346,23.314615,56.564838,0.0,22.42857,14.623158,72.614983,99.946381,50.858295,50.904415,24.316565,22.938627,56.340492,57.493797,98.068169,69.523605,52.588947,39.611683,normal,7.5,d,3,4.0329762312332225,2.3169583709876904,0.7089313343933918,0.64047854,0.6026208952972112
2026-09-03T21:26:50.380,AMAN_33,499,15.75921,28.910122,62.221321,43.87048,21.705069,16.712181,28.839993,52.735527,20.805666,29.448835,24.316565,17.516769,49.297932,53.266312,67.770683,62.571247,30.574968,32.409557,normal,8.0,e,3,2.78701597572849,2.027338636300548,0.9232788426702379,0.49962734000000003,0.47187981207997315
2026-09-03T21:27:41.528,AMAN_33,500,16.588642,31.707876,65.99231,0.0,22.42857,18.104862,20.084995,31.139072,20.805666,21.034883,25.329754,16.682638,48.515423,51.575317,63.784176,57.93634,27.517471,32.409557,normal,7.5,f,3,2.5181512153054406,1.9153523499074052,0.9083182467829878,0.46371337999999995,0.4315197150973237
2026-09-03T21:28:03.592,AMAN_33,501,12.441481,27.044952,65.049561,0.0,20.258064,16.015841,20.084995,27.623371,20.805666,14.724418,22.290184,16.265572,41.472862,44.81134,59.797665,54.460159,25.071474,25.207434,normal,7.5,g,3,2.6826893027490026,1.8605877544179292,0.9107404092215958,0.38365356,0.4569187387382097
2026-09-03T21:28:21.085,AMAN_33,502,14.929777,27.044952,59.393078,0.0,19.534561,15.319499,23.689995,33.148045,20.805666,14.724418,23.303373,17.516769,43.820381,48.193329,65.378777,59.095066,26.905972,24.307169,normal,7.5,h,3,2.805548748007961,1.880430021683976,0.9038874642932729,0.41034015999999995,0.4744517273823731
2026-09-03T21:28:52.447,AMAN_34,503,13.270913,27.044952,67.877808,0.0,23.875576,16.712181,40.68499,69.81179,42.7672,35.7593,26.342943,23.355694,50.080437,53.266312,85.311333,68.364883,33.020966,28.808496,normal,7.0,a,3,3.238487841511162,1.9010942698793107,0.801357481853263,0.47474988,0.5281336893775846
2026-09-03T21:29:03.459,AMAN_34,504,16.588642,36.3708,72.591545,0.0,22.42857,17.408522,16.994995,20.089724,19.649796,11.779534,19.250612,15.848506,43.037876,46.502335,55.013851,50.983978,23.236977,26.1077,normal,7.0,b,3,2.85777005023526,2.235661580181669,0.9267478608709175,0.47574527999999994,0.4815659164510599
2026-09-03T21:29:13.658,AMAN_34,505,12.441481,25.179783,57.507584,0.0,18.81106,16.015841,16.479996,21.09421,18.493925,11.358837,23.303373,15.014374,43.037876,46.502335,55.811153,52.142708,23.236977,22.506638,normal,7.0,c,3,2.3949807201812714,1.8468509915491669,0.934270228341237,0.39469005999999995,0.4108951609094945
2026-09-03T21:29:24.339,AMAN_34,506,12.441481,25.179783,62.221321,0.0,19.534561,15.319499,21.114994,33.650288,18.493925,17.248604,23.303373,15.43144,41.472862,44.81134,57.405758,52.142708,25.071474,25.207434,normal,7.0,d,3,2.4634087677312775,1.779692759630651,0.9083182721290306,0.36338978,0.42253435704389414
2026-09-03T21:30:10.158,AMAN_34,507,13.270913,28.910122,61.278576,0.0,20.981565,17.408522,23.174994,38.170475,20.805666,20.193487,24.316565,17.099705,44.60289,49.038826,62.189571,57.93634,26.294474,23.406904,normal,7.0,e,3,2.557497139296961,1.8342587309273612,0.9316084634820099,0.40572650000000005,0.43780711257209404
2026-09-03T21:32:34.177,AMAN_34,508,14.100346,36.3708,71.648796,42.956512,22.42857,18.801203,14.419996,22.098696,19.649796,18.931395,24.316565,13.763176,43.037876,46.502335,51.824642,47.507801,21.402477,24.307169,normal,7.5,f,3,2.1312475955186945,1.7698987624696323,0.9167027498805009,0.3744262199999999,0.36127708597040153
2026-09-03T21:33:22.841,AMAN_34,509,14.100346,28.910122,59.393078,0.0,20.258064,16.015841,17.509996,25.112156,19.649796,21.034883,17.224232,14.180243,39.907848,42.274849,52.621944,47.507801,22.013977,30.609028,normal,7.0,g,3,3.055109420780316,2.316958156997562,0.9028133200830969,0.45367232,0.5067952028189484
2026-09-03T21:33:52.754,AMAN_34,510,14.100346,27.044952,61.278576,0.0,20.981565,16.712181,31.414991,50.224312,25.429148,23.559069,23.303373,17.099705,41.472862,43.120346,61.392269,53.301434,23.848475,23.406904,normal,7.0,h,3,2.6344788222379556,1.779692759630651,0.868210707734111,0.36338978,0.44971489209387044
